strategy,exit_method,day_of_week_at_entry,n,win_rate,avg_pnl_pct,total_pnl_pct
bollinger_lower,atr_trail_1x,fri,16,0.25,-4.7794687499999995,-76.47149999999999
bollinger_lower,atr_trail_1x,mon,35,0.22857142857142856,0.18606571428571428,6.5123
bollinger_lower,atr_trail_1x,thu,49,0.32653061224489793,-1.909077551020408,-93.5448
bollinger_lower,atr_trail_1x,tue,26,0.23076923076923078,-1.8617307692307692,-48.405
bollinger_lower,atr_trail_1x,wed,26,0.34615384615384615,-0.561276923076923,-14.5932
bollinger_lower,atr_trail_2x,fri,16,0.625,0.3938437499999998,6.301499999999997
bollinger_lower,atr_trail_2x,mon,35,0.42857142857142855,1.2446571428571427,43.562999999999995
bollinger_lower,atr_trail_2x,thu,49,0.32653061224489793,0.8264632653061226,40.496700000000004
bollinger_lower,atr_trail_2x,tue,26,0.3076923076923077,-1.9901576923076925,-51.7441
bollinger_lower,atr_trail_2x,wed,26,0.4230769230769231,-1.9360115384615386,-50.3363
bollinger_lower,break_even_at_1r,fri,16,0.375,0.1129312499999997,1.8068999999999953
bollinger_lower,break_even_at_1r,mon,35,0.22857142857142856,-2.1618857142857144,-75.666
bollinger_lower,break_even_at_1r,thu,49,0.12244897959183673,-2.170944897959184,-106.3763
bollinger_lower,break_even_at_1r,tue,26,0.038461538461538464,-1.8691653846153846,-48.5983
bollinger_lower,break_even_at_1r,wed,26,0.19230769230769232,1.1737346153846155,30.517100000000003
bollinger_lower,breakeven_plus_trail,fri,16,0.625,7.09730625,113.5569
bollinger_lower,breakeven_plus_trail,mon,35,0.5428571428571428,4.142151428571428,144.9753
bollinger_lower,breakeven_plus_trail,thu,49,0.3673469387755102,7.303948979591836,357.89349999999996
bollinger_lower,breakeven_plus_trail,tue,26,0.38461538461538464,6.8286,177.5436
bollinger_lower,breakeven_plus_trail,wed,26,0.4230769230769231,6.012180769230769,156.3167
bollinger_lower,class_time_stop,fri,16,0.6875,1.47564375,23.6103
bollinger_lower,class_time_stop,mon,35,0.6,6.2045514285714285,217.1593
bollinger_lower,class_time_stop,thu,49,0.5102040816326531,2.022865306122449,99.1204
bollinger_lower,class_time_stop,tue,26,0.4230769230769231,-0.767369230769231,-19.951600000000006
bollinger_lower,class_time_stop,wed,26,0.5769230769230769,2.733769230769231,71.078
bollinger_lower,earnings_blackout,fri,16,0.625,94.55501875,1512.8803
bollinger_lower,earnings_blackout,mon,35,0.7428571428571429,70.83567428571428,2479.2486
bollinger_lower,earnings_blackout,thu,49,0.4897959183673469,62.52837346938776,3063.8903
bollinger_lower,earnings_blackout,tue,26,0.6538461538461539,73.82392692307691,1919.4220999999998
bollinger_lower,earnings_blackout,wed,26,0.7692307692307693,105.99721538461539,2755.9276
bollinger_lower,fixed_4r_2r,fri,16,0.6875,9.93470625,158.9553
bollinger_lower,fixed_4r_2r,mon,35,0.37142857142857144,2.05512,71.92920000000001
bollinger_lower,fixed_4r_2r,thu,49,0.3673469387755102,1.9293061224489798,94.53600000000002
bollinger_lower,fixed_4r_2r,tue,26,0.34615384615384615,1.2076461538461536,31.398799999999994
bollinger_lower,fixed_4r_2r,wed,26,0.38461538461538464,0.632823076923077,16.453400000000002
bollinger_lower,hybrid_50pct_target,fri,16,0.6875,10.36805625,165.8889
bollinger_lower,hybrid_50pct_target,mon,35,0.4857142857142857,3.8555057142857145,134.9427
bollinger_lower,hybrid_50pct_target,thu,49,0.4489795918367347,2.6423020408163267,129.4728
bollinger_lower,hybrid_50pct_target,tue,26,0.5384615384615384,5.111015384615385,132.8864
bollinger_lower,hybrid_50pct_target,wed,26,0.5384615384615384,3.741823076923077,97.2874
bollinger_lower,ma_exit_ema9,fri,16,0.5,0.14665625,2.3465
bollinger_lower,ma_exit_ema9,mon,35,0.4857142857142857,0.3639514285714286,12.7383
bollinger_lower,ma_exit_ema9,thu,49,0.5714285714285714,0.30235510204081634,14.8154
bollinger_lower,ma_exit_ema9,tue,26,0.5769230769230769,2.7134115384615383,70.5487
bollinger_lower,ma_exit_ema9,wed,26,0.6153846153846154,0.6480076923076923,16.8482
bollinger_lower,next_pivot_target,fri,16,0.625,1.2236687500000003,19.578700000000005
bollinger_lower,next_pivot_target,mon,35,0.6,3.9778000000000002,139.223
bollinger_lower,next_pivot_target,thu,49,0.4897959183673469,1.559610204081633,76.42090000000002
bollinger_lower,next_pivot_target,tue,26,0.5384615384615384,2.7007269230769233,70.2189
bollinger_lower,next_pivot_target,wed,26,0.5769230769230769,0.3061999999999999,7.961199999999998
bollinger_lower,r_multiple_2r,fri,16,0.6875,3.0287125,48.4594
bollinger_lower,r_multiple_2r,mon,35,0.3142857142857143,0.9394257142857141,32.87989999999999
bollinger_lower,r_multiple_2r,thu,49,0.3877551020408163,0.12373673469387748,6.063099999999997
bollinger_lower,r_multiple_2r,tue,26,0.34615384615384615,0.388426923076923,10.099099999999998
bollinger_lower,r_multiple_2r,wed,26,0.38461538461538464,0.341846153846154,8.888000000000005
bollinger_lower,r_multiple_3r,fri,16,0.6875,7.4744625000000005,119.59140000000001
bollinger_lower,r_multiple_3r,mon,35,0.22857142857142856,-0.06903999999999998,-2.416399999999999
bollinger_lower,r_multiple_3r,thu,49,0.2857142857142857,0.7341061224489797,35.9712
bollinger_lower,r_multiple_3r,tue,26,0.2692307692307692,0.7627384615384618,19.831200000000006
bollinger_lower,r_multiple_3r,wed,26,0.23076923076923078,-0.19471923076923073,-5.062699999999999
bollinger_lower,regime_flip,fri,16,0.6875,2.5093812499999997,40.150099999999995
bollinger_lower,regime_flip,mon,35,0.6,4.298382857142857,150.4434
bollinger_lower,regime_flip,thu,49,0.5510204081632653,2.5177163265306124,123.3681
bollinger_lower,regime_flip,tue,26,0.5,1.2028076923076925,31.273000000000003
bollinger_lower,regime_flip,wed,26,0.5,0.3869769230769234,10.061400000000008
bollinger_lower,time_stop_10d,fri,16,0.8125,-0.09430625000000031,-1.508900000000005
bollinger_lower,time_stop_10d,mon,35,0.5428571428571428,1.9573885714285715,68.5086
bollinger_lower,time_stop_10d,thu,49,0.5306122448979592,1.1526102040816328,56.47790000000001
bollinger_lower,time_stop_10d,tue,26,0.4230769230769231,0.23866923076923088,6.205400000000003
bollinger_lower,time_stop_10d,wed,26,0.6153846153846154,0.18104230769230767,4.7071
bollinger_lower,time_stop_20d,fri,16,0.6875,2.5093812499999997,40.150099999999995
bollinger_lower,time_stop_20d,mon,35,0.6,4.298382857142857,150.4434
bollinger_lower,time_stop_20d,thu,49,0.5510204081632653,2.5177163265306124,123.3681
bollinger_lower,time_stop_20d,tue,26,0.5,1.2028076923076925,31.273000000000003
bollinger_lower,time_stop_20d,wed,26,0.5,0.3869769230769234,10.061400000000008
bollinger_lower,trailing_10pct,fri,16,0.5,-1.10759375,-17.7215
bollinger_lower,trailing_10pct,mon,35,0.42857142857142855,0.23455714285714285,8.2095
bollinger_lower,trailing_10pct,thu,49,0.30612244897959184,-1.6135469387755101,-79.0638
bollinger_lower,trailing_10pct,tue,26,0.15384615384615385,-3.8543499999999997,-100.2131
bollinger_lower,trailing_10pct,wed,26,0.4230769230769231,5.525823076923077,143.6714
bollinger_lower,trailing_15pct,fri,16,0.5625,-0.059875000000000345,-0.9580000000000055
bollinger_lower,trailing_15pct,mon,35,0.3142857142857143,8.185308571428571,286.4858
bollinger_lower,trailing_15pct,thu,49,0.32653061224489793,3.9352122448979587,192.82539999999997
bollinger_lower,trailing_15pct,tue,26,0.34615384615384615,7.317734615384615,190.2611
bollinger_lower,trailing_15pct,wed,26,0.4230769230769231,9.769092307692306,253.99639999999997
bollinger_lower,trailing_5pct,fri,16,0.4375,0.4114375,6.583
bollinger_lower,trailing_5pct,mon,35,0.2,-1.2970285714285714,-45.396
bollinger_lower,trailing_5pct,thu,49,0.1836734693877551,-1.962761224489796,-96.17530000000001
bollinger_lower,trailing_5pct,tue,26,0.15384615384615385,-1.7781423076923075,-46.2317
bollinger_lower,trailing_5pct,wed,26,0.2692307692307692,-0.9044346153846153,-23.5153
bollinger_tight,atr_trail_1x,fri,26,0.2692307692307692,-1.2600615384615386,-32.7616
bollinger_tight,atr_trail_1x,mon,18,0.3333333333333333,-0.3230777777777778,-5.8154
bollinger_tight,atr_trail_1x,thu,23,0.34782608695652173,-1.1842304347826087,-27.2373
bollinger_tight,atr_trail_1x,tue,25,0.24,-2.273768,-56.8442
bollinger_tight,atr_trail_1x,wed,17,0.29411764705882354,-1.3990294117647057,-23.783499999999997
bollinger_tight,atr_trail_2x,fri,26,0.5769230769230769,4.7405,123.253
bollinger_tight,atr_trail_2x,mon,18,0.5555555555555556,1.7606555555555556,31.6918
bollinger_tight,atr_trail_2x,thu,23,0.5217391304347826,-1.0152956521739127,-23.351799999999994
bollinger_tight,atr_trail_2x,tue,25,0.28,-5.474436000000001,-136.86090000000002
bollinger_tight,atr_trail_2x,wed,17,0.35294117647058826,-2.91195294117647,-49.50319999999999
bollinger_tight,break_even_at_1r,fri,26,0.23076923076923078,0.7092307692307693,18.44
bollinger_tight,break_even_at_1r,mon,18,0.3888888888888889,-0.7101055555555553,-12.781899999999997
bollinger_tight,break_even_at_1r,thu,23,0.30434782608695654,1.6609565217391304,38.202
bollinger_tight,break_even_at_1r,tue,25,0.12,-1.7069720000000002,-42.6743
bollinger_tight,break_even_at_1r,wed,17,0.17647058823529413,-2.1830294117647058,-37.1115
bollinger_tight,breakeven_plus_trail,fri,26,0.6923076923076923,15.649507692307692,406.8872
bollinger_tight,breakeven_plus_trail,mon,18,0.6111111111111112,7.264183333333333,130.7553
bollinger_tight,breakeven_plus_trail,thu,23,0.4782608695652174,1.5597043478260872,35.873200000000004
bollinger_tight,breakeven_plus_trail,tue,25,0.36,-0.7205999999999999,-18.014999999999997
bollinger_tight,breakeven_plus_trail,wed,17,0.4117647058823529,-0.8296470588235293,-14.103999999999997
bollinger_tight,class_time_stop,fri,26,0.6538461538461539,5.872884615384615,152.695
bollinger_tight,class_time_stop,mon,18,0.5,1.129072222222222,20.323299999999996
bollinger_tight,class_time_stop,thu,23,0.5652173913043478,1.3679782608695654,31.463500000000007
bollinger_tight,class_time_stop,tue,25,0.32,-4.45664,-111.41600000000001
bollinger_tight,class_time_stop,wed,17,0.47058823529411764,-1.2280941176470581,-20.877599999999987
bollinger_tight,earnings_blackout,fri,26,0.5769230769230769,49.805807692307695,1294.951
bollinger_tight,earnings_blackout,mon,18,0.6666666666666666,51.83557777777778,933.0404
bollinger_tight,earnings_blackout,thu,23,0.782608695652174,97.45042173913043,2241.3597
bollinger_tight,earnings_blackout,tue,25,0.6,18.552992000000003,463.82480000000004
bollinger_tight,earnings_blackout,wed,17,0.7647058823529411,74.69895882352941,1269.8823
bollinger_tight,fixed_4r_2r,fri,26,0.6153846153846154,8.163365384615386,212.2475
bollinger_tight,fixed_4r_2r,mon,18,0.6111111111111112,13.201077777777776,237.61939999999998
bollinger_tight,fixed_4r_2r,thu,23,0.5217391304347826,0.9384608695652175,21.584600000000002
bollinger_tight,fixed_4r_2r,tue,25,0.32,0.5720679999999991,14.301699999999979
bollinger_tight,fixed_4r_2r,wed,17,0.29411764705882354,1.108994117647059,18.8529
bollinger_tight,hybrid_50pct_target,fri,26,0.6153846153846154,8.330903846153847,216.6035
bollinger_tight,hybrid_50pct_target,mon,18,0.5,4.103277777777778,73.859
bollinger_tight,hybrid_50pct_target,thu,23,0.6086956521739131,3.70794347826087,85.2827
bollinger_tight,hybrid_50pct_target,tue,25,0.36,1.1202800000000002,28.007
bollinger_tight,hybrid_50pct_target,wed,17,0.47058823529411764,2.4955,42.4235
bollinger_tight,ma_exit_ema9,fri,26,0.5384615384615384,-0.37279230769230776,-9.692600000000002
bollinger_tight,ma_exit_ema9,mon,18,0.3333333333333333,-1.3672444444444445,-24.610400000000002
bollinger_tight,ma_exit_ema9,thu,23,0.34782608695652173,-1.145295652173913,-26.3418
bollinger_tight,ma_exit_ema9,tue,25,0.4,-0.380936,-9.5234
bollinger_tight,ma_exit_ema9,wed,17,0.47058823529411764,0.3455941176470588,5.875099999999999
bollinger_tight,next_pivot_target,fri,26,0.5769230769230769,0.328626923076923,8.544299999999998
bollinger_tight,next_pivot_target,mon,18,0.5555555555555556,1.8714111111111111,33.6854
bollinger_tight,next_pivot_target,thu,23,0.782608695652174,3.262217391304348,75.031
bollinger_tight,next_pivot_target,tue,25,0.44,0.3466319999999998,8.665799999999994
bollinger_tight,next_pivot_target,wed,17,0.5882352941176471,1.8529529411764705,31.5002
bollinger_tight,r_multiple_2r,fri,26,0.46153846153846156,3.2950153846153847,85.6704
bollinger_tight,r_multiple_2r,mon,18,0.5,2.5509555555555554,45.9172
bollinger_tight,r_multiple_2r,thu,23,0.34782608695652173,-1.7029086956521737,-39.1669
bollinger_tight,r_multiple_2r,tue,25,0.28,1.2023959999999998,30.059899999999995
bollinger_tight,r_multiple_2r,wed,17,0.4117647058823529,2.3587470588235293,40.0987
bollinger_tight,r_multiple_3r,fri,26,0.4230769230769231,2.2598538461538458,58.75619999999999
bollinger_tight,r_multiple_3r,mon,18,0.4444444444444444,5.251961111111111,94.53529999999999
bollinger_tight,r_multiple_3r,thu,23,0.34782608695652173,-0.20286086956521743,-4.665800000000001
bollinger_tight,r_multiple_3r,tue,25,0.28,3.0906960000000003,77.26740000000001
bollinger_tight,r_multiple_3r,wed,17,0.17647058823529413,-3.075976470588235,-52.291599999999995
bollinger_tight,regime_flip,fri,26,0.6153846153846154,5.591861538461539,145.38840000000002
bollinger_tight,regime_flip,mon,18,0.5555555555555556,6.053927777777777,108.9707
bollinger_tight,regime_flip,thu,23,0.6086956521739131,1.1790217391304345,27.117499999999996
bollinger_tight,regime_flip,tue,25,0.48,-1.564148,-39.1037
bollinger_tight,regime_flip,wed,17,0.5294117647058824,2.6173352941176473,44.4947
bollinger_tight,time_stop_10d,fri,26,0.6538461538461539,2.6234769230769226,68.21039999999999
bollinger_tight,time_stop_10d,mon,18,0.6666666666666666,6.825672222222222,122.8621
bollinger_tight,time_stop_10d,thu,23,0.5652173913043478,1.4416347826086957,33.1576
bollinger_tight,time_stop_10d,tue,25,0.52,-0.04961199999999998,-1.2402999999999995
bollinger_tight,time_stop_10d,wed,17,0.6470588235294118,-0.6113235294117647,-10.3925
bollinger_tight,time_stop_20d,fri,26,0.6153846153846154,5.591861538461539,145.38840000000002
bollinger_tight,time_stop_20d,mon,18,0.5555555555555556,6.053927777777777,108.9707
bollinger_tight,time_stop_20d,thu,23,0.6086956521739131,1.1790217391304345,27.117499999999996
bollinger_tight,time_stop_20d,tue,25,0.48,-1.564148,-39.1037
bollinger_tight,time_stop_20d,wed,17,0.5294117647058824,2.6173352941176473,44.4947
bollinger_tight,trailing_10pct,fri,26,0.5384615384615384,9.29156923076923,241.5808
bollinger_tight,trailing_10pct,mon,18,0.3888888888888889,-0.2423666666666667,-4.3626000000000005
bollinger_tight,trailing_10pct,thu,23,0.4782608695652174,3.129595652173913,71.9807
bollinger_tight,trailing_10pct,tue,25,0.16,-4.60504,-115.12599999999999
bollinger_tight,trailing_10pct,wed,17,0.29411764705882354,-0.1080058823529414,-1.8361000000000036
bollinger_tight,trailing_15pct,fri,26,0.5,10.918434615384616,283.8793
bollinger_tight,trailing_15pct,mon,18,0.4444444444444444,4.278794444444445,77.01830000000001
bollinger_tight,trailing_15pct,thu,23,0.4782608695652174,0.5490000000000003,12.627000000000006
bollinger_tight,trailing_15pct,tue,25,0.32,-4.536064,-113.4016
bollinger_tight,trailing_15pct,wed,17,0.29411764705882354,1.3308470588235295,22.6244
bollinger_tight,trailing_5pct,fri,26,0.23076923076923078,-0.4517692307692307,-11.745999999999999
bollinger_tight,trailing_5pct,mon,18,0.2222222222222222,-0.6308666666666666,-11.355599999999999
bollinger_tight,trailing_5pct,thu,23,0.391304347826087,1.4391869565217392,33.1013
bollinger_tight,trailing_5pct,tue,25,0.08,-2.9352280000000004,-73.3807
bollinger_tight,trailing_5pct,wed,17,0.17647058823529413,-2.889264705882353,-49.1175
cmf_flip,atr_trail_1x,fri,1,0.0,-6.3612,-6.3612
cmf_flip,atr_trail_1x,mon,3,0.3333333333333333,-1.4445666666666666,-4.333699999999999
cmf_flip,atr_trail_1x,thu,7,0.2857142857142857,-3.4682999999999997,-24.2781
cmf_flip,atr_trail_1x,tue,3,0.0,-1.6753333333333333,-5.026
cmf_flip,atr_trail_1x,wed,1,0.0,-16.2697,-16.2697
cmf_flip,atr_trail_2x,fri,1,0.0,-12.0629,-12.0629
cmf_flip,atr_trail_2x,mon,3,0.3333333333333333,11.837233333333335,35.511700000000005
cmf_flip,atr_trail_2x,thu,7,0.42857142857142855,1.6458714285714287,11.5211
cmf_flip,atr_trail_2x,tue,3,0.3333333333333333,3.3571666666666666,10.0715
cmf_flip,atr_trail_2x,wed,1,0.0,-5.6026,-5.6026
cmf_flip,break_even_at_1r,fri,1,0.0,-6.3612,-6.3612
cmf_flip,break_even_at_1r,mon,3,0.3333333333333333,1.1978,3.5934
cmf_flip,break_even_at_1r,thu,7,0.14285714285714285,2.3158857142857143,16.2112
cmf_flip,break_even_at_1r,tue,3,0.0,-3.0226666666666664,-9.068
cmf_flip,break_even_at_1r,wed,1,0.0,-16.2697,-16.2697
cmf_flip,breakeven_plus_trail,fri,1,0.0,-12.7224,-12.7224
cmf_flip,breakeven_plus_trail,mon,3,0.6666666666666666,5.3709999999999996,16.113
cmf_flip,breakeven_plus_trail,thu,7,0.2857142857142857,5.183814285714286,36.2867
cmf_flip,breakeven_plus_trail,tue,3,0.3333333333333333,8.8288,26.4864
cmf_flip,breakeven_plus_trail,wed,1,1.0,56.5834,56.5834
cmf_flip,class_time_stop,fri,1,0.0,-1.1089,-1.1089
cmf_flip,class_time_stop,mon,3,1.0,21.475733333333334,64.4272
cmf_flip,class_time_stop,thu,7,0.5714285714285714,-0.12281428571428574,-0.8597000000000001
cmf_flip,class_time_stop,tue,3,0.6666666666666666,4.805066666666667,14.4152
cmf_flip,class_time_stop,wed,1,0.0,-1.7846,-1.7846
cmf_flip,earnings_blackout,fri,1,1.0,36.4804,36.4804
cmf_flip,earnings_blackout,mon,3,0.6666666666666666,244.2265,732.6795
cmf_flip,earnings_blackout,thu,7,0.8571428571428571,99.38908571428571,695.7236
cmf_flip,earnings_blackout,tue,3,0.3333333333333333,100.45830000000001,301.3749
cmf_flip,earnings_blackout,wed,1,1.0,153.957,153.957
cmf_flip,fixed_4r_2r,fri,1,0.0,-12.7224,-12.7224
cmf_flip,fixed_4r_2r,mon,3,0.6666666666666666,25.613966666666666,76.8419
cmf_flip,fixed_4r_2r,thu,7,0.42857142857142855,7.208214285714285,50.457499999999996
cmf_flip,fixed_4r_2r,tue,3,0.3333333333333333,0.8301666666666669,2.490500000000001
cmf_flip,fixed_4r_2r,wed,1,1.0,65.0787,65.0787
cmf_flip,hybrid_50pct_target,fri,1,0.0,-10.0,-10.0
cmf_flip,hybrid_50pct_target,mon,3,1.0,25.03336666666667,75.10010000000001
cmf_flip,hybrid_50pct_target,thu,7,0.5714285714285714,4.202171428571428,29.4152
cmf_flip,hybrid_50pct_target,tue,3,0.3333333333333333,1.2042666666666662,3.6127999999999982
cmf_flip,hybrid_50pct_target,wed,1,0.0,-10.0,-10.0
cmf_flip,ma_exit_ema9,fri,1,0.0,-4.972,-4.972
cmf_flip,ma_exit_ema9,mon,3,0.6666666666666666,2.7322666666666664,8.1968
cmf_flip,ma_exit_ema9,thu,7,0.5714285714285714,-1.1952714285714288,-8.366900000000001
cmf_flip,ma_exit_ema9,tue,3,1.0,7.034800000000001,21.104400000000002
cmf_flip,ma_exit_ema9,wed,1,0.0,-10.0,-10.0
cmf_flip,next_pivot_target,fri,1,0.0,-10.0,-10.0
cmf_flip,next_pivot_target,mon,3,1.0,27.279533333333333,81.8386
cmf_flip,next_pivot_target,thu,7,0.5714285714285714,0.16990000000000016,1.1893000000000011
cmf_flip,next_pivot_target,tue,3,0.6666666666666666,-0.9688000000000002,-2.9064000000000005
cmf_flip,next_pivot_target,wed,1,0.0,-10.0,-10.0
cmf_flip,r_multiple_2r,fri,1,0.0,-6.3612,-6.3612
cmf_flip,r_multiple_2r,mon,3,0.3333333333333333,7.5560333333333345,22.668100000000003
cmf_flip,r_multiple_2r,thu,7,0.42857142857142855,-0.424,-2.968
cmf_flip,r_multiple_2r,tue,3,0.6666666666666666,3.1854999999999998,9.5565
cmf_flip,r_multiple_2r,wed,1,0.0,-16.2697,-16.2697
cmf_flip,r_multiple_3r,fri,1,0.0,-6.3612,-6.3612
cmf_flip,r_multiple_3r,mon,3,0.3333333333333333,13.0482,39.1446
cmf_flip,r_multiple_3r,thu,7,0.2857142857142857,-0.5074714285714289,-3.5523000000000025
cmf_flip,r_multiple_3r,tue,3,0.3333333333333333,0.044933333333333124,0.13479999999999936
cmf_flip,r_multiple_3r,wed,1,0.0,-16.2697,-16.2697
cmf_flip,regime_flip,fri,1,0.0,-5.887,-5.887
cmf_flip,regime_flip,mon,3,0.6666666666666666,15.811833333333333,47.4355
cmf_flip,regime_flip,thu,7,0.5714285714285714,-1.4463571428571422,-10.124499999999996
cmf_flip,regime_flip,tue,3,0.6666666666666666,4.571566666666667,13.714699999999999
cmf_flip,regime_flip,wed,1,1.0,11.4444,11.4444
cmf_flip,time_stop_10d,fri,1,1.0,2.0935,2.0935
cmf_flip,time_stop_10d,mon,3,1.0,12.862133333333333,38.5864
cmf_flip,time_stop_10d,thu,7,0.7142857142857143,-0.900657142857143,-6.3046000000000015
cmf_flip,time_stop_10d,tue,3,1.0,7.573266666666666,22.7198
cmf_flip,time_stop_10d,wed,1,0.0,-12.9424,-12.9424
cmf_flip,time_stop_20d,fri,1,0.0,-5.887,-5.887
cmf_flip,time_stop_20d,mon,3,0.6666666666666666,15.811833333333333,47.4355
cmf_flip,time_stop_20d,thu,7,0.5714285714285714,-1.4463571428571422,-10.124499999999996
cmf_flip,time_stop_20d,tue,3,0.6666666666666666,4.571566666666667,13.714699999999999
cmf_flip,time_stop_20d,wed,1,1.0,11.4444,11.4444
cmf_flip,trailing_10pct,fri,1,0.0,-10.0,-10.0
cmf_flip,trailing_10pct,mon,3,0.0,-3.5544666666666664,-10.6634
cmf_flip,trailing_10pct,thu,7,0.2857142857142857,1.4889571428571433,10.422700000000003
cmf_flip,trailing_10pct,tue,3,0.3333333333333333,5.518933333333334,16.556800000000003
cmf_flip,trailing_10pct,wed,1,0.0,-10.0,-10.0
cmf_flip,trailing_15pct,fri,1,0.0,-12.6373,-12.6373
cmf_flip,trailing_15pct,mon,3,0.6666666666666666,-1.8725333333333332,-5.6175999999999995
cmf_flip,trailing_15pct,thu,7,0.2857142857142857,0.2138999999999999,1.4972999999999992
cmf_flip,trailing_15pct,tue,3,0.3333333333333333,1.323033333333333,3.969099999999999
cmf_flip,trailing_15pct,wed,1,0.0,-15.0,-15.0
cmf_flip,trailing_5pct,fri,1,0.0,-5.0,-5.0
cmf_flip,trailing_5pct,mon,3,0.3333333333333333,-0.9373333333333335,-2.8120000000000003
cmf_flip,trailing_5pct,thu,7,0.14285714285714285,-3.0484714285714287,-21.3393
cmf_flip,trailing_5pct,tue,3,0.6666666666666666,4.486933333333333,13.460799999999999
cmf_flip,trailing_5pct,wed,1,0.0,-5.0,-5.0
cpr_narrow_bullish,atr_trail_1x,fri,10,0.5,1.05515,10.5515
cpr_narrow_bullish,atr_trail_1x,mon,3,0.0,-4.272133333333334,-12.8164
cpr_narrow_bullish,atr_trail_1x,tue,7,0.2857142857142857,-1.7581000000000002,-12.306700000000001
cpr_narrow_bullish,atr_trail_1x,wed,6,0.3333333333333333,-0.3563333333333334,-2.1380000000000003
cpr_narrow_bullish,atr_trail_2x,fri,10,0.4,0.4650400000000001,4.650400000000001
cpr_narrow_bullish,atr_trail_2x,mon,3,0.3333333333333333,6.392633333333333,19.1779
cpr_narrow_bullish,atr_trail_2x,tue,7,0.14285714285714285,-4.535214285714285,-31.746499999999997
cpr_narrow_bullish,atr_trail_2x,wed,6,0.3333333333333333,-3.0897166666666664,-18.5383
cpr_narrow_bullish,break_even_at_1r,fri,10,0.2,-1.26082,-12.6082
cpr_narrow_bullish,break_even_at_1r,mon,3,0.0,-4.3524,-13.0572
cpr_narrow_bullish,break_even_at_1r,tue,7,0.0,-1.9981285714285715,-13.9869
cpr_narrow_bullish,break_even_at_1r,wed,6,0.16666666666666666,2.9651833333333335,17.7911
cpr_narrow_bullish,breakeven_plus_trail,fri,10,0.5,1.8926900000000004,18.926900000000003
cpr_narrow_bullish,breakeven_plus_trail,mon,3,0.6666666666666666,15.527233333333333,46.5817
cpr_narrow_bullish,breakeven_plus_trail,tue,7,0.0,-3.996257142857143,-27.9738
cpr_narrow_bullish,breakeven_plus_trail,wed,6,0.3333333333333333,4.990983333333333,29.945899999999998
cpr_narrow_bullish,class_time_stop,fri,10,0.3,-3.52115,-35.2115
cpr_narrow_bullish,class_time_stop,mon,3,0.6666666666666666,5.231333333333333,15.693999999999997
cpr_narrow_bullish,class_time_stop,tue,7,0.14285714285714285,-7.359742857142857,-51.5182
cpr_narrow_bullish,class_time_stop,wed,6,0.3333333333333333,-5.288383333333334,-31.730300000000003
cpr_narrow_bullish,earnings_blackout,fri,10,0.7,24.16173,241.6173
cpr_narrow_bullish,earnings_blackout,mon,3,1.0,30.89046666666667,92.6714
cpr_narrow_bullish,earnings_blackout,tue,7,0.7142857142857143,26.519314285714284,185.6352
cpr_narrow_bullish,earnings_blackout,wed,6,0.8333333333333334,54.207316666666664,325.2439
cpr_narrow_bullish,fixed_4r_2r,fri,10,0.1,-6.20813,-62.0813
cpr_narrow_bullish,fixed_4r_2r,mon,3,0.3333333333333333,4.903366666666667,14.7101
cpr_narrow_bullish,fixed_4r_2r,tue,7,0.14285714285714285,-3.9092999999999996,-27.365099999999998
cpr_narrow_bullish,fixed_4r_2r,wed,6,0.3333333333333333,-4.2544,-25.526400000000002
cpr_narrow_bullish,hybrid_50pct_target,fri,10,0.5,1.80929,18.0929
cpr_narrow_bullish,hybrid_50pct_target,mon,3,0.6666666666666666,10.283233333333333,30.8497
cpr_narrow_bullish,hybrid_50pct_target,tue,7,0.5714285714285714,-0.6318428571428572,-4.4229
cpr_narrow_bullish,hybrid_50pct_target,wed,6,0.5,0.5637000000000006,3.3822000000000036
cpr_narrow_bullish,ma_exit_ema9,fri,10,0.3,1.4517200000000001,14.5172
cpr_narrow_bullish,ma_exit_ema9,mon,3,0.3333333333333333,7.020833333333333,21.0625
cpr_narrow_bullish,ma_exit_ema9,tue,7,0.2857142857142857,-2.479342857142857,-17.3554
cpr_narrow_bullish,ma_exit_ema9,wed,6,0.5,-1.3339999999999999,-8.004
cpr_narrow_bullish,next_pivot_target,fri,10,0.8,0.62186,6.2185999999999995
cpr_narrow_bullish,next_pivot_target,mon,3,1.0,9.636933333333333,28.9108
cpr_narrow_bullish,next_pivot_target,tue,7,0.7142857142857143,-1.8831285714285713,-13.181899999999999
cpr_narrow_bullish,next_pivot_target,wed,6,0.6666666666666666,1.6199666666666666,9.7198
cpr_narrow_bullish,r_multiple_2r,fri,10,0.5,2.13373,21.3373
cpr_narrow_bullish,r_multiple_2r,mon,3,0.0,-4.3524,-13.0572
cpr_narrow_bullish,r_multiple_2r,tue,7,0.2857142857142857,-1.1450857142857143,-8.0156
cpr_narrow_bullish,r_multiple_2r,wed,6,0.5,-0.12181666666666684,-0.730900000000001
cpr_narrow_bullish,r_multiple_3r,fri,10,0.3,2.12126,21.2126
cpr_narrow_bullish,r_multiple_3r,mon,3,0.0,-4.3524,-13.0572
cpr_narrow_bullish,r_multiple_3r,tue,7,0.0,-3.004642857142857,-21.0325
cpr_narrow_bullish,r_multiple_3r,wed,6,0.3333333333333333,-1.2484833333333334,-7.490900000000001
cpr_narrow_bullish,regime_flip,fri,10,0.4,-1.3935299999999997,-13.935299999999998
cpr_narrow_bullish,regime_flip,mon,3,0.3333333333333333,3.760499999999999,11.281499999999998
cpr_narrow_bullish,regime_flip,tue,7,0.0,-8.908885714285715,-62.3622
cpr_narrow_bullish,regime_flip,wed,6,0.16666666666666666,-7.5986666666666665,-45.592
cpr_narrow_bullish,time_stop_10d,fri,10,0.4,-0.9303100000000004,-9.303100000000004
cpr_narrow_bullish,time_stop_10d,mon,3,0.3333333333333333,6.3950000000000005,19.185000000000002
cpr_narrow_bullish,time_stop_10d,tue,7,0.2857142857142857,-2.7763999999999998,-19.4348
cpr_narrow_bullish,time_stop_10d,wed,6,0.3333333333333333,-1.2108833333333333,-7.2653
cpr_narrow_bullish,time_stop_20d,fri,10,0.4,-1.3935299999999997,-13.935299999999998
cpr_narrow_bullish,time_stop_20d,mon,3,0.3333333333333333,3.760499999999999,11.281499999999998
cpr_narrow_bullish,time_stop_20d,tue,7,0.0,-8.908885714285715,-62.3622
cpr_narrow_bullish,time_stop_20d,wed,6,0.16666666666666666,-7.5986666666666665,-45.592
cpr_narrow_bullish,trailing_10pct,fri,10,0.3,-1.2231,-12.231000000000002
cpr_narrow_bullish,trailing_10pct,mon,3,0.6666666666666666,15.143600000000001,45.430800000000005
cpr_narrow_bullish,trailing_10pct,tue,7,0.2857142857142857,-3.0182999999999995,-21.128099999999996
cpr_narrow_bullish,trailing_10pct,wed,6,0.16666666666666666,1.4135833333333334,8.4815
cpr_narrow_bullish,trailing_15pct,fri,10,0.3,-1.75,-17.5
cpr_narrow_bullish,trailing_15pct,mon,3,0.6666666666666666,20.25486666666667,60.7646
cpr_narrow_bullish,trailing_15pct,tue,7,0.7142857142857143,1.5289142857142857,10.702399999999999
cpr_narrow_bullish,trailing_15pct,wed,6,0.16666666666666666,-0.5377999999999995,-3.2267999999999972
cpr_narrow_bullish,trailing_5pct,fri,10,0.3,-0.00732999999999997,-0.0732999999999997
cpr_narrow_bullish,trailing_5pct,mon,3,0.0,-4.2503,-12.7509
cpr_narrow_bullish,trailing_5pct,tue,7,0.0,-3.7627142857142855,-26.339
cpr_narrow_bullish,trailing_5pct,wed,6,0.3333333333333333,-0.3215333333333334,-1.9292000000000002
hull_rsi,atr_trail_1x,mon,4,0.5,-0.191475,-0.7659
hull_rsi,atr_trail_1x,thu,2,0.0,-7.3853,-14.7706
hull_rsi,atr_trail_1x,tue,1,0.0,-0.4139,-0.4139
hull_rsi,atr_trail_2x,mon,4,0.0,-2.486275,-9.9451
hull_rsi,atr_trail_2x,thu,2,0.0,-9.4658,-18.9316
hull_rsi,atr_trail_2x,tue,1,0.0,-0.4139,-0.4139
hull_rsi,break_even_at_1r,mon,4,0.0,-0.2362,-0.9448
hull_rsi,break_even_at_1r,thu,2,0.5,-1.8336999999999999,-3.6673999999999998
hull_rsi,break_even_at_1r,tue,1,0.0,-0.4139,-0.4139
hull_rsi,breakeven_plus_trail,mon,4,0.0,-1.4159,-5.6636
hull_rsi,breakeven_plus_trail,thu,2,0.5,-7.193149999999999,-14.386299999999999
hull_rsi,breakeven_plus_trail,tue,1,0.0,0.0,0.0
hull_rsi,class_time_stop,mon,4,0.0,-3.27745,-13.1098
hull_rsi,class_time_stop,thu,2,0.0,-35.4754,-70.9508
hull_rsi,class_time_stop,tue,1,1.0,0.123,0.123
hull_rsi,earnings_blackout,mon,4,0.5,-4.885424999999999,-19.541699999999995
hull_rsi,earnings_blackout,thu,2,0.5,-64.2541,-128.5082
hull_rsi,earnings_blackout,tue,1,1.0,36.9448,36.9448
hull_rsi,fixed_4r_2r,mon,4,0.25,-4.79455,-19.1782
hull_rsi,fixed_4r_2r,thu,2,0.0,-18.1835,-36.367
hull_rsi,fixed_4r_2r,tue,1,0.0,-2.9022,-2.9022
hull_rsi,hybrid_50pct_target,mon,4,1.0,6.066,24.264
hull_rsi,hybrid_50pct_target,thu,2,0.5,-69.60005,-139.2001
hull_rsi,hybrid_50pct_target,tue,1,1.0,11.4035,11.4035
hull_rsi,ma_exit_ema9,mon,4,0.5,0.33064999999999994,1.3225999999999998
hull_rsi,ma_exit_ema9,thu,2,0.5,-4.2084,-8.4168
hull_rsi,ma_exit_ema9,tue,1,0.0,-0.5481,-0.5481
hull_rsi,next_pivot_target,mon,4,0.75,-1.39705,-5.5882
hull_rsi,next_pivot_target,thu,2,0.5,0.5502000000000002,1.1004000000000005
hull_rsi,next_pivot_target,tue,1,0.0,-2.9022,-2.9022
hull_rsi,r_multiple_2r,mon,4,0.25,-0.938375,-3.7535
hull_rsi,r_multiple_2r,thu,2,0.5,2.10515,4.2103
hull_rsi,r_multiple_2r,tue,1,1.0,3.1334,3.1334
hull_rsi,r_multiple_3r,mon,4,0.25,-0.394025,-1.5761
hull_rsi,r_multiple_3r,thu,2,0.0,-9.09175,-18.1835
hull_rsi,r_multiple_3r,tue,1,0.0,-1.4511,-1.4511
hull_rsi,regime_flip,mon,4,0.25,-2.602125,-10.4085
hull_rsi,regime_flip,thu,2,0.0,-30.7684,-61.5368
hull_rsi,regime_flip,tue,1,0.0,-4.0217,-4.0217
hull_rsi,time_stop_10d,mon,4,0.5,0.0022250000000000048,0.008900000000000019
hull_rsi,time_stop_10d,thu,2,0.0,-19.39525,-38.7905
hull_rsi,time_stop_10d,tue,1,0.0,-0.5481,-0.5481
hull_rsi,time_stop_20d,mon,4,0.25,-2.602125,-10.4085
hull_rsi,time_stop_20d,thu,2,0.0,-30.7684,-61.5368
hull_rsi,time_stop_20d,tue,1,0.0,-4.0217,-4.0217
hull_rsi,trailing_10pct,mon,4,0.0,-4.733,-18.932
hull_rsi,trailing_10pct,thu,2,0.0,-7.5861,-15.1722
hull_rsi,trailing_10pct,tue,1,1.0,18.4537,18.4537
hull_rsi,trailing_15pct,mon,4,0.25,-3.3723250000000005,-13.489300000000002
hull_rsi,trailing_15pct,thu,2,0.5,-4.213850000000001,-8.427700000000002
hull_rsi,trailing_15pct,tue,1,1.0,37.6225,37.6225
hull_rsi,trailing_5pct,mon,4,0.5,-1.1398,-4.5592
hull_rsi,trailing_5pct,thu,2,0.0,-2.7261,-5.4522
hull_rsi,trailing_5pct,tue,1,0.0,-2.6303,-2.6303
ichimoku_cloud_breakout,atr_trail_1x,fri,1,0.0,-3.1653,-3.1653
ichimoku_cloud_breakout,atr_trail_1x,mon,2,0.0,-4.44695,-8.8939
ichimoku_cloud_breakout,atr_trail_1x,thu,1,1.0,0.9212,0.9212
ichimoku_cloud_breakout,atr_trail_1x,wed,1,1.0,1.2287,1.2287
ichimoku_cloud_breakout,atr_trail_2x,fri,1,1.0,20.8295,20.8295
ichimoku_cloud_breakout,atr_trail_2x,mon,2,0.5,-1.8197999999999999,-3.6395999999999997
ichimoku_cloud_breakout,atr_trail_2x,thu,1,0.0,-2.4654,-2.4654
ichimoku_cloud_breakout,atr_trail_2x,wed,1,0.0,-3.2253,-3.2253
ichimoku_cloud_breakout,break_even_at_1r,fri,1,0.0,-3.1653,-3.1653
ichimoku_cloud_breakout,break_even_at_1r,mon,2,0.0,-4.71905,-9.4381
ichimoku_cloud_breakout,break_even_at_1r,thu,1,0.0,0.0,0.0
ichimoku_cloud_breakout,break_even_at_1r,wed,1,0.0,0.0,0.0
ichimoku_cloud_breakout,breakeven_plus_trail,fri,1,1.0,25.3835,25.3835
ichimoku_cloud_breakout,breakeven_plus_trail,mon,2,0.5,-5.8105,-11.621
ichimoku_cloud_breakout,breakeven_plus_trail,thu,1,0.0,0.0,0.0
ichimoku_cloud_breakout,breakeven_plus_trail,wed,1,0.0,0.0,0.0
ichimoku_cloud_breakout,class_time_stop,fri,1,1.0,6.1996,6.1996
ichimoku_cloud_breakout,class_time_stop,mon,2,0.5,-13.30505,-26.6101
ichimoku_cloud_breakout,class_time_stop,thu,1,1.0,20.718,20.718
ichimoku_cloud_breakout,class_time_stop,wed,1,0.0,-4.0922,-4.0922
ichimoku_cloud_breakout,earnings_blackout,fri,1,1.0,84.2537,84.2537
ichimoku_cloud_breakout,earnings_blackout,mon,2,0.0,-57.67345,-115.3469
ichimoku_cloud_breakout,earnings_blackout,thu,1,1.0,119.0489,119.0489
ichimoku_cloud_breakout,earnings_blackout,wed,1,0.0,-56.4487,-56.4487
ichimoku_cloud_breakout,fixed_4r_2r,fri,1,1.0,12.6613,12.6613
ichimoku_cloud_breakout,fixed_4r_2r,mon,2,0.5,-3.8175,-7.635
ichimoku_cloud_breakout,fixed_4r_2r,thu,1,0.0,-6.9102,-6.9102
ichimoku_cloud_breakout,fixed_4r_2r,wed,1,0.0,-8.4273,-8.4273
ichimoku_cloud_breakout,hybrid_50pct_target,fri,1,1.0,17.4398,17.4398
ichimoku_cloud_breakout,hybrid_50pct_target,mon,2,0.5,-2.7291,-5.4582
ichimoku_cloud_breakout,hybrid_50pct_target,thu,1,0.0,-10.0,-10.0
ichimoku_cloud_breakout,hybrid_50pct_target,wed,1,0.0,-10.0,-10.0
ichimoku_cloud_breakout,ma_exit_ema9,fri,1,0.0,-1.9877,-1.9877
ichimoku_cloud_breakout,ma_exit_ema9,mon,2,0.0,-2.05275,-4.1055
ichimoku_cloud_breakout,ma_exit_ema9,thu,1,1.0,1.4786,1.4786
ichimoku_cloud_breakout,ma_exit_ema9,wed,1,1.0,1.1118,1.1118
ichimoku_cloud_breakout,next_pivot_target,fri,1,1.0,11.4183,11.4183
ichimoku_cloud_breakout,next_pivot_target,mon,2,0.5,-3.657,-7.314
ichimoku_cloud_breakout,next_pivot_target,thu,1,1.0,7.2787,7.2787
ichimoku_cloud_breakout,next_pivot_target,wed,1,0.0,-10.0,-10.0
ichimoku_cloud_breakout,r_multiple_2r,fri,1,0.0,-3.1653,-3.1653
ichimoku_cloud_breakout,r_multiple_2r,mon,2,0.0,-4.71905,-9.4381
ichimoku_cloud_breakout,r_multiple_2r,thu,1,0.0,-3.4551,-3.4551
ichimoku_cloud_breakout,r_multiple_2r,wed,1,0.0,-4.2137,-4.2137
ichimoku_cloud_breakout,r_multiple_3r,fri,1,0.0,-3.1653,-3.1653
ichimoku_cloud_breakout,r_multiple_3r,mon,2,0.0,-4.71905,-9.4381
ichimoku_cloud_breakout,r_multiple_3r,thu,1,0.0,-3.4551,-3.4551
ichimoku_cloud_breakout,r_multiple_3r,wed,1,0.0,-4.2137,-4.2137
ichimoku_cloud_breakout,regime_flip,fri,1,1.0,6.1473,6.1473
ichimoku_cloud_breakout,regime_flip,mon,2,0.5,-11.885,-23.77
ichimoku_cloud_breakout,regime_flip,thu,1,1.0,2.2095,2.2095
ichimoku_cloud_breakout,regime_flip,wed,1,0.0,-13.768,-13.768
ichimoku_cloud_breakout,time_stop_10d,fri,1,1.0,4.8656,4.8656
ichimoku_cloud_breakout,time_stop_10d,mon,2,0.5,-13.375350000000001,-26.750700000000002
ichimoku_cloud_breakout,time_stop_10d,thu,1,0.0,-9.7444,-9.7444
ichimoku_cloud_breakout,time_stop_10d,wed,1,0.0,-16.8746,-16.8746
ichimoku_cloud_breakout,time_stop_20d,fri,1,1.0,6.1473,6.1473
ichimoku_cloud_breakout,time_stop_20d,mon,2,0.5,-11.885,-23.77
ichimoku_cloud_breakout,time_stop_20d,thu,1,1.0,2.2095,2.2095
ichimoku_cloud_breakout,time_stop_20d,wed,1,0.0,-13.768,-13.768
ichimoku_cloud_breakout,trailing_10pct,fri,1,1.0,25.3835,25.3835
ichimoku_cloud_breakout,trailing_10pct,mon,2,0.5,-3.0606,-6.1212
ichimoku_cloud_breakout,trailing_10pct,thu,1,0.0,-6.1229,-6.1229
ichimoku_cloud_breakout,trailing_10pct,wed,1,0.0,-4.8856,-4.8856
ichimoku_cloud_breakout,trailing_15pct,fri,1,1.0,12.5036,12.5036
ichimoku_cloud_breakout,trailing_15pct,mon,2,0.0,-8.44615,-16.8923
ichimoku_cloud_breakout,trailing_15pct,thu,1,0.0,-11.3383,-11.3383
ichimoku_cloud_breakout,trailing_15pct,wed,1,0.0,-10.1698,-10.1698
ichimoku_cloud_breakout,trailing_5pct,fri,1,1.0,19.8251,19.8251
ichimoku_cloud_breakout,trailing_5pct,mon,2,0.5,2.1770500000000004,4.354100000000001
ichimoku_cloud_breakout,trailing_5pct,thu,1,0.0,-0.9075,-0.9075
ichimoku_cloud_breakout,trailing_5pct,wed,1,1.0,0.3985,0.3985
pivot_r1_breakout,atr_trail_1x,fri,26,0.19230769230769232,-1.6926153846153846,-44.008
pivot_r1_breakout,atr_trail_1x,mon,16,0.3125,-1.426075,-22.8172
pivot_r1_breakout,atr_trail_1x,thu,28,0.17857142857142858,-2.4876285714285715,-69.6536
pivot_r1_breakout,atr_trail_1x,tue,16,0.1875,-1.88295625,-30.1273
pivot_r1_breakout,atr_trail_1x,wed,13,0.15384615384615385,-0.08699230769230772,-1.1309000000000002
pivot_r1_breakout,atr_trail_2x,fri,26,0.3076923076923077,-2.3083923076923076,-60.0182
pivot_r1_breakout,atr_trail_2x,mon,16,0.3125,-2.380775,-38.0924
pivot_r1_breakout,atr_trail_2x,thu,28,0.10714285714285714,-3.4549857142857143,-96.7396
pivot_r1_breakout,atr_trail_2x,tue,16,0.25,-1.105675,-17.6908
pivot_r1_breakout,atr_trail_2x,wed,13,0.38461538461538464,6.679438461538462,86.8327
pivot_r1_breakout,break_even_at_1r,fri,26,0.19230769230769232,-0.5834499999999999,-15.169699999999997
pivot_r1_breakout,break_even_at_1r,mon,16,0.1875,1.57850625,25.2561
pivot_r1_breakout,break_even_at_1r,thu,28,0.03571428571428571,-2.015507142857143,-56.4342
pivot_r1_breakout,break_even_at_1r,tue,16,0.1875,-1.29248125,-20.6797
pivot_r1_breakout,break_even_at_1r,wed,13,0.15384615384615385,3.294161538461538,42.824099999999994
pivot_r1_breakout,breakeven_plus_trail,fri,26,0.34615384615384615,1.783838461538462,46.37980000000001
pivot_r1_breakout,breakeven_plus_trail,mon,16,0.3125,1.1855187499999997,18.968299999999996
pivot_r1_breakout,breakeven_plus_trail,thu,28,0.2857142857142857,5.384075,150.7541
pivot_r1_breakout,breakeven_plus_trail,tue,16,0.5,3.285425,52.5668
pivot_r1_breakout,breakeven_plus_trail,wed,13,0.38461538461538464,12.004461538461538,156.058
pivot_r1_breakout,class_time_stop,fri,26,0.5384615384615384,1.197369230769231,31.131600000000002
pivot_r1_breakout,class_time_stop,mon,16,0.5,-1.9056375,-30.4902
pivot_r1_breakout,class_time_stop,thu,28,0.5357142857142857,3.032489285714285,84.90969999999999
pivot_r1_breakout,class_time_stop,tue,16,0.3125,-6.74118125,-107.8589
pivot_r1_breakout,class_time_stop,wed,13,0.5384615384615384,5.364484615384615,69.7383
pivot_r1_breakout,earnings_blackout,fri,26,0.6153846153846154,25.715123076923074,668.5931999999999
pivot_r1_breakout,earnings_blackout,mon,16,0.4375,-29.916525,-478.6644
pivot_r1_breakout,earnings_blackout,thu,28,0.6071428571428571,29.787450000000003,834.0486000000001
pivot_r1_breakout,earnings_blackout,tue,16,0.6875,46.75376875,748.0603
pivot_r1_breakout,earnings_blackout,wed,13,0.6153846153846154,28.808453846153846,374.5099
pivot_r1_breakout,fixed_4r_2r,fri,26,0.34615384615384615,-0.11630384615384634,-3.0239000000000047
pivot_r1_breakout,fixed_4r_2r,mon,16,0.3125,-2.4003437499999998,-38.405499999999996
pivot_r1_breakout,fixed_4r_2r,thu,28,0.25,-2.7457964285714285,-76.8823
pivot_r1_breakout,fixed_4r_2r,tue,16,0.25,-3.2169,-51.4704
pivot_r1_breakout,fixed_4r_2r,wed,13,0.38461538461538464,4.200953846153846,54.6124
pivot_r1_breakout,hybrid_50pct_target,fri,26,0.6538461538461539,-0.1574461538461531,-4.093599999999981
pivot_r1_breakout,hybrid_50pct_target,mon,16,0.375,-29.04606875,-464.7371
pivot_r1_breakout,hybrid_50pct_target,thu,28,0.6071428571428571,4.974367857142857,139.2823
pivot_r1_breakout,hybrid_50pct_target,tue,16,0.625,3.6295937499999997,58.073499999999996
pivot_r1_breakout,hybrid_50pct_target,wed,13,0.5384615384615384,5.752369230769231,74.7808
pivot_r1_breakout,ma_exit_ema9,fri,26,0.2692307692307692,-2.8026153846153843,-72.868
pivot_r1_breakout,ma_exit_ema9,mon,16,0.4375,0.6743312499999996,10.789299999999994
pivot_r1_breakout,ma_exit_ema9,thu,28,0.2857142857142857,-1.2070821428571428,-33.7983
pivot_r1_breakout,ma_exit_ema9,tue,16,0.5,-1.6944750000000002,-27.111600000000003
pivot_r1_breakout,ma_exit_ema9,wed,13,0.23076923076923078,-0.4571307692307691,-5.9426999999999985
pivot_r1_breakout,next_pivot_target,fri,26,0.5,-1.8353499999999998,-47.7191
pivot_r1_breakout,next_pivot_target,mon,16,0.375,-3.9775625,-63.641
pivot_r1_breakout,next_pivot_target,thu,28,0.32142857142857145,-2.336728571428572,-65.42840000000001
pivot_r1_breakout,next_pivot_target,tue,16,0.4375,-1.2886187500000001,-20.617900000000002
pivot_r1_breakout,next_pivot_target,wed,13,0.5384615384615384,2.1114153846153845,27.4484
pivot_r1_breakout,r_multiple_2r,fri,26,0.2692307692307692,-0.5385961538461538,-14.003499999999997
pivot_r1_breakout,r_multiple_2r,mon,16,0.3125,-1.240675,-19.8508
pivot_r1_breakout,r_multiple_2r,thu,28,0.17857142857142858,-1.4517035714285715,-40.6477
pivot_r1_breakout,r_multiple_2r,tue,16,0.3125,-0.39013749999999997,-6.2421999999999995
pivot_r1_breakout,r_multiple_2r,wed,13,0.23076923076923078,-1.1873846153846155,-15.436
pivot_r1_breakout,r_multiple_3r,fri,26,0.19230769230769232,-0.7679884615384616,-19.9677
pivot_r1_breakout,r_multiple_3r,mon,16,0.3125,-0.28314375,-4.5303
pivot_r1_breakout,r_multiple_3r,thu,28,0.17857142857142858,-0.5101857142857144,-14.285200000000003
pivot_r1_breakout,r_multiple_3r,tue,16,0.25,-1.0199812499999998,-16.319699999999997
pivot_r1_breakout,r_multiple_3r,wed,13,0.23076923076923078,-0.10431538461538459,-1.3560999999999996
pivot_r1_breakout,regime_flip,fri,26,0.5384615384615384,0.043638461538461584,1.1346000000000012
pivot_r1_breakout,regime_flip,mon,16,0.5625,-1.7524312499999999,-28.038899999999998
pivot_r1_breakout,regime_flip,thu,28,0.35714285714285715,0.6772607142857142,18.963299999999997
pivot_r1_breakout,regime_flip,tue,16,0.4375,-4.1975625,-67.161
pivot_r1_breakout,regime_flip,wed,13,0.5384615384615384,1.4878769230769229,19.342399999999998
pivot_r1_breakout,time_stop_10d,fri,26,0.46153846153846156,0.24569615384615384,6.3881
pivot_r1_breakout,time_stop_10d,mon,16,0.4375,-4.01544375,-64.2471
pivot_r1_breakout,time_stop_10d,thu,28,0.5,0.12615000000000023,3.5322000000000067
pivot_r1_breakout,time_stop_10d,tue,16,0.5,-2.6255,-42.008
pivot_r1_breakout,time_stop_10d,wed,13,0.3076923076923077,0.5868692307692307,7.629299999999999
pivot_r1_breakout,time_stop_20d,fri,26,0.5384615384615384,0.043638461538461584,1.1346000000000012
pivot_r1_breakout,time_stop_20d,mon,16,0.5625,-1.7524312499999999,-28.038899999999998
pivot_r1_breakout,time_stop_20d,thu,28,0.35714285714285715,0.6772607142857142,18.963299999999997
pivot_r1_breakout,time_stop_20d,tue,16,0.4375,-4.1975625,-67.161
pivot_r1_breakout,time_stop_20d,wed,13,0.5384615384615384,1.4878769230769229,19.342399999999998
pivot_r1_breakout,trailing_10pct,fri,26,0.38461538461538464,-0.9420461538461536,-24.493199999999995
pivot_r1_breakout,trailing_10pct,mon,16,0.3125,-0.5211750000000002,-8.338800000000003
pivot_r1_breakout,trailing_10pct,thu,28,0.21428571428571427,0.7577142857142855,21.215999999999994
pivot_r1_breakout,trailing_10pct,tue,16,0.4375,0.43143125000000015,6.9029000000000025
pivot_r1_breakout,trailing_10pct,wed,13,0.38461538461538464,5.239923076923076,68.11899999999999
pivot_r1_breakout,trailing_15pct,fri,26,0.2692307692307692,-3.8954538461538464,-101.2818
pivot_r1_breakout,trailing_15pct,mon,16,0.3125,-4.7606375000000005,-76.17020000000001
pivot_r1_breakout,trailing_15pct,thu,28,0.4642857142857143,8.933146428571428,250.1281
pivot_r1_breakout,trailing_15pct,tue,16,0.4375,-1.2609875000000001,-20.175800000000002
pivot_r1_breakout,trailing_15pct,wed,13,0.3076923076923077,10.00146153846154,130.019
pivot_r1_breakout,trailing_5pct,fri,26,0.2692307692307692,-1.6057923076923077,-41.7506
pivot_r1_breakout,trailing_5pct,mon,16,0.25,-1.433275,-22.9324
pivot_r1_breakout,trailing_5pct,thu,28,0.10714285714285714,-3.335703571428571,-93.3997
pivot_r1_breakout,trailing_5pct,tue,16,0.3125,-2.3280875,-37.2494
pivot_r1_breakout,trailing_5pct,wed,13,0.15384615384615385,-2.4892923076923075,-32.3608
pivot_r2_continuation,atr_trail_1x,fri,5,0.2,2.10772,10.5386
pivot_r2_continuation,atr_trail_1x,mon,6,0.0,-2.6483666666666665,-15.8902
pivot_r2_continuation,atr_trail_1x,thu,4,0.25,-0.6390499999999999,-2.5561999999999996
pivot_r2_continuation,atr_trail_1x,tue,1,0.0,-0.5787,-0.5787
pivot_r2_continuation,atr_trail_1x,wed,1,0.0,-1.2429,-1.2429
pivot_r2_continuation,atr_trail_2x,fri,5,0.2,0.030820000000000115,0.15410000000000057
pivot_r2_continuation,atr_trail_2x,mon,6,0.16666666666666666,-3.889,-23.334
pivot_r2_continuation,atr_trail_2x,thu,4,0.25,-4.89945,-19.5978
pivot_r2_continuation,atr_trail_2x,tue,1,0.0,-2.5661,-2.5661
pivot_r2_continuation,atr_trail_2x,wed,1,1.0,13.0802,13.0802
pivot_r2_continuation,break_even_at_1r,fri,5,0.2,0.84566,4.2283
pivot_r2_continuation,break_even_at_1r,mon,6,0.0,-2.5385666666666666,-15.2314
pivot_r2_continuation,break_even_at_1r,thu,4,0.25,-1.89615,-7.5846
pivot_r2_continuation,break_even_at_1r,tue,1,0.0,-2.1423,-2.1423
pivot_r2_continuation,break_even_at_1r,wed,1,0.0,0.0,0.0
pivot_r2_continuation,breakeven_plus_trail,fri,5,0.2,0.32886000000000015,1.6443000000000008
pivot_r2_continuation,breakeven_plus_trail,mon,6,0.3333333333333333,1.1488333333333334,6.893
pivot_r2_continuation,breakeven_plus_trail,thu,4,0.5,-0.5931500000000002,-2.3726000000000007
pivot_r2_continuation,breakeven_plus_trail,tue,1,0.0,-4.2846,-4.2846
pivot_r2_continuation,breakeven_plus_trail,wed,1,1.0,80.5351,80.5351
pivot_r2_continuation,class_time_stop,fri,5,0.0,-7.36092,-36.8046
pivot_r2_continuation,class_time_stop,mon,6,0.6666666666666666,1.9154666666666664,11.492799999999999
pivot_r2_continuation,class_time_stop,thu,4,0.0,-13.504425,-54.0177
pivot_r2_continuation,class_time_stop,tue,1,0.0,-3.3668,-3.3668
pivot_r2_continuation,class_time_stop,wed,1,1.0,14.949,14.949
pivot_r2_continuation,earnings_blackout,fri,5,1.0,95.36206000000001,476.81030000000004
pivot_r2_continuation,earnings_blackout,mon,6,1.0,113.12028333333335,678.7217
pivot_r2_continuation,earnings_blackout,thu,4,0.25,-2.633599999999998,-10.534399999999993
pivot_r2_continuation,earnings_blackout,tue,1,1.0,62.0093,62.0093
pivot_r2_continuation,earnings_blackout,wed,1,1.0,499.2491,499.2491
pivot_r2_continuation,fixed_4r_2r,fri,5,0.2,-1.7970199999999998,-8.9851
pivot_r2_continuation,fixed_4r_2r,mon,6,0.16666666666666666,-1.0830166666666667,-6.498100000000001
pivot_r2_continuation,fixed_4r_2r,thu,4,0.0,-8.295024999999999,-33.180099999999996
pivot_r2_continuation,fixed_4r_2r,tue,1,0.0,-4.5133,-4.5133
pivot_r2_continuation,fixed_4r_2r,wed,1,1.0,11.6077,11.6077
pivot_r2_continuation,hybrid_50pct_target,fri,5,0.4,-2.36258,-11.812899999999999
pivot_r2_continuation,hybrid_50pct_target,mon,6,0.8333333333333334,3.310583333333333,19.8635
pivot_r2_continuation,hybrid_50pct_target,thu,4,0.5,5.28555,21.1422
pivot_r2_continuation,hybrid_50pct_target,tue,1,0.0,-10.0,-10.0
pivot_r2_continuation,hybrid_50pct_target,wed,1,1.0,44.6204,44.6204
pivot_r2_continuation,ma_exit_ema9,fri,5,0.4,2.1162400000000003,10.5812
pivot_r2_continuation,ma_exit_ema9,mon,6,0.16666666666666666,-2.1773333333333333,-13.064
pivot_r2_continuation,ma_exit_ema9,thu,4,0.25,-2.58845,-10.3538
pivot_r2_continuation,ma_exit_ema9,tue,1,0.0,-0.6773,-0.6773
pivot_r2_continuation,ma_exit_ema9,wed,1,1.0,10.9112,10.9112
pivot_r2_continuation,next_pivot_target,fri,5,0.8,2.8780599999999996,14.390299999999998
pivot_r2_continuation,next_pivot_target,mon,6,0.6666666666666666,3.0538000000000003,18.3228
pivot_r2_continuation,next_pivot_target,thu,4,0.25,-1.1925750000000002,-4.770300000000001
pivot_r2_continuation,next_pivot_target,tue,1,0.0,-4.5133,-4.5133
pivot_r2_continuation,next_pivot_target,wed,1,1.0,8.7058,8.7058
pivot_r2_continuation,r_multiple_2r,fri,5,0.4,3.0784399999999996,15.392199999999999
pivot_r2_continuation,r_multiple_2r,mon,6,0.16666666666666666,-1.8731166666666665,-11.2387
pivot_r2_continuation,r_multiple_2r,thu,4,0.25,-0.04562500000000003,-0.1825000000000001
pivot_r2_continuation,r_multiple_2r,tue,1,0.0,-2.1423,-2.1423
pivot_r2_continuation,r_multiple_2r,wed,1,1.0,5.8038,5.8038
pivot_r2_continuation,r_multiple_3r,fri,5,0.2,0.4248199999999997,2.1240999999999985
pivot_r2_continuation,r_multiple_3r,mon,6,0.16666666666666666,-1.3625666666666667,-8.1754
pivot_r2_continuation,r_multiple_3r,thu,4,0.25,1.52375,6.095
pivot_r2_continuation,r_multiple_3r,tue,1,0.0,-2.1423,-2.1423
pivot_r2_continuation,r_multiple_3r,wed,1,1.0,8.7058,8.7058
pivot_r2_continuation,regime_flip,fri,5,0.2,-3.41288,-17.0644
pivot_r2_continuation,regime_flip,mon,6,0.5,0.06204999999999994,0.37229999999999963
pivot_r2_continuation,regime_flip,thu,4,0.0,-6.458525,-25.8341
pivot_r2_continuation,regime_flip,tue,1,0.0,-7.7287,-7.7287
pivot_r2_continuation,regime_flip,wed,1,1.0,16.7141,16.7141
pivot_r2_continuation,time_stop_10d,fri,5,0.6,1.51234,7.5617
pivot_r2_continuation,time_stop_10d,mon,6,0.3333333333333333,1.5012833333333333,9.0077
pivot_r2_continuation,time_stop_10d,thu,4,0.0,-2.508775,-10.0351
pivot_r2_continuation,time_stop_10d,tue,1,0.0,-0.6773,-0.6773
pivot_r2_continuation,time_stop_10d,wed,1,1.0,2.5466,2.5466
pivot_r2_continuation,time_stop_20d,fri,5,0.2,-3.41288,-17.0644
pivot_r2_continuation,time_stop_20d,mon,6,0.5,0.06204999999999994,0.37229999999999963
pivot_r2_continuation,time_stop_20d,thu,4,0.0,-6.458525,-25.8341
pivot_r2_continuation,time_stop_20d,tue,1,0.0,-7.7287,-7.7287
pivot_r2_continuation,time_stop_20d,wed,1,1.0,16.7141,16.7141
pivot_r2_continuation,trailing_10pct,fri,5,0.4,-0.4346199999999998,-2.173099999999999
pivot_r2_continuation,trailing_10pct,mon,6,0.0,-5.586733333333334,-33.5204
pivot_r2_continuation,trailing_10pct,thu,4,0.5,11.498775,45.9951
pivot_r2_continuation,trailing_10pct,tue,1,0.0,-8.7321,-8.7321
pivot_r2_continuation,trailing_10pct,wed,1,1.0,80.5351,80.5351
pivot_r2_continuation,trailing_15pct,fri,5,0.4,0.9794600000000007,4.897300000000003
pivot_r2_continuation,trailing_15pct,mon,6,0.6666666666666666,13.056633333333332,78.3398
pivot_r2_continuation,trailing_15pct,thu,4,0.25,14.189625,56.7585
pivot_r2_continuation,trailing_15pct,tue,1,0.0,-11.0548,-11.0548
pivot_r2_continuation,trailing_15pct,wed,1,1.0,70.5053,70.5053
pivot_r2_continuation,trailing_5pct,fri,5,0.2,1.2634599999999998,6.3172999999999995
pivot_r2_continuation,trailing_5pct,mon,6,0.16666666666666666,-3.0185666666666666,-18.1114
pivot_r2_continuation,trailing_5pct,thu,4,0.0,-4.466600000000001,-17.866400000000002
pivot_r2_continuation,trailing_5pct,tue,1,0.0,-3.6616,-3.6616
pivot_r2_continuation,trailing_5pct,wed,1,1.0,12.7333,12.7333
stochrsi_oversold,atr_trail_1x,fri,5,0.4,-0.81768,-4.0884
stochrsi_oversold,atr_trail_1x,mon,5,0.0,-2.5846999999999998,-12.923499999999999
stochrsi_oversold,atr_trail_1x,thu,7,0.2857142857142857,-0.6943999999999999,-4.860799999999999
stochrsi_oversold,atr_trail_1x,tue,5,0.6,1.85972,9.2986
stochrsi_oversold,atr_trail_1x,wed,2,1.0,12.0308,24.0616
stochrsi_oversold,atr_trail_2x,fri,5,0.6,2.20834,11.0417
stochrsi_oversold,atr_trail_2x,mon,5,0.4,-1.9645400000000002,-9.822700000000001
stochrsi_oversold,atr_trail_2x,thu,7,0.2857142857142857,4.3750285714285715,30.6252
stochrsi_oversold,atr_trail_2x,tue,5,0.4,-0.6491000000000001,-3.2455000000000007
stochrsi_oversold,atr_trail_2x,wed,2,1.0,14.76305,29.5261
stochrsi_oversold,break_even_at_1r,fri,5,0.2,-0.9279,-4.6395
stochrsi_oversold,break_even_at_1r,mon,5,0.0,-2.51354,-12.567699999999999
stochrsi_oversold,break_even_at_1r,thu,7,0.14285714285714285,0.5620285714285715,3.9342000000000006
stochrsi_oversold,break_even_at_1r,tue,5,0.4,-1.61502,-8.075099999999999
stochrsi_oversold,break_even_at_1r,wed,2,0.5,8.94255,17.8851
stochrsi_oversold,breakeven_plus_trail,fri,5,0.4,-0.8773200000000001,-4.3866000000000005
stochrsi_oversold,breakeven_plus_trail,mon,5,0.4,10.05458,50.2729
stochrsi_oversold,breakeven_plus_trail,thu,7,0.42857142857142855,4.3713,30.5991
stochrsi_oversold,breakeven_plus_trail,tue,5,0.6,-0.3134000000000001,-1.5670000000000006
stochrsi_oversold,breakeven_plus_trail,wed,2,1.0,42.9476,85.8952
stochrsi_oversold,class_time_stop,fri,5,0.6,3.3732599999999997,16.8663
stochrsi_oversold,class_time_stop,mon,5,0.6,1.2884000000000004,6.442000000000002
stochrsi_oversold,class_time_stop,thu,7,0.42857142857142855,2.8732,20.1124
stochrsi_oversold,class_time_stop,tue,5,0.6,-1.1841599999999999,-5.9208
stochrsi_oversold,class_time_stop,wed,2,1.0,38.31,76.62
stochrsi_oversold,earnings_blackout,fri,5,1.0,28.82536,144.1268
stochrsi_oversold,earnings_blackout,mon,5,0.8,131.52220000000003,657.6110000000001
stochrsi_oversold,earnings_blackout,thu,7,0.5714285714285714,87.6802857142857,613.762
stochrsi_oversold,earnings_blackout,tue,5,0.8,40.48926,202.4463
stochrsi_oversold,earnings_blackout,wed,2,0.5,6.805999999999997,13.611999999999995
stochrsi_oversold,fixed_4r_2r,fri,5,0.6,5.38302,26.915100000000002
stochrsi_oversold,fixed_4r_2r,mon,5,0.6,11.17518,55.875899999999994
stochrsi_oversold,fixed_4r_2r,thu,7,0.42857142857142855,13.01732857142857,91.12129999999999
stochrsi_oversold,fixed_4r_2r,tue,5,0.4,-1.7894199999999998,-8.947099999999999
stochrsi_oversold,fixed_4r_2r,wed,2,1.0,38.3027,76.6054
stochrsi_oversold,hybrid_50pct_target,fri,5,0.6,2.99686,14.9843
stochrsi_oversold,hybrid_50pct_target,mon,5,0.6,-1.80912,-9.0456
stochrsi_oversold,hybrid_50pct_target,thu,7,0.5714285714285714,11.206428571428571,78.445
stochrsi_oversold,hybrid_50pct_target,tue,5,0.6,3.16546,15.8273
stochrsi_oversold,hybrid_50pct_target,wed,2,1.0,22.04495,44.0899
stochrsi_oversold,ma_exit_ema9,fri,5,0.6,0.03193999999999999,0.15969999999999995
stochrsi_oversold,ma_exit_ema9,mon,5,0.4,-0.35296000000000005,-1.7648000000000001
stochrsi_oversold,ma_exit_ema9,thu,7,0.8571428571428571,3.0997714285714286,21.6984
stochrsi_oversold,ma_exit_ema9,tue,5,0.6,0.22348000000000004,1.1174000000000002
stochrsi_oversold,ma_exit_ema9,wed,2,1.0,0.6792,1.3584
stochrsi_oversold,next_pivot_target,fri,5,0.8,0.7883200000000002,3.941600000000001
stochrsi_oversold,next_pivot_target,mon,5,0.8,2.0401999999999996,10.200999999999999
stochrsi_oversold,next_pivot_target,thu,7,0.7142857142857143,2.3316428571428567,16.321499999999997
stochrsi_oversold,next_pivot_target,tue,5,0.6,-2.34328,-11.7164
stochrsi_oversold,next_pivot_target,wed,2,1.0,6.4764,12.9528
stochrsi_oversold,r_multiple_2r,fri,5,0.4,0.33447999999999994,1.6723999999999997
stochrsi_oversold,r_multiple_2r,mon,5,0.0,-4.98614,-24.930699999999998
stochrsi_oversold,r_multiple_2r,thu,7,0.5714285714285714,9.984157142857143,69.8891
stochrsi_oversold,r_multiple_2r,tue,5,0.6,2.39202,11.9601
stochrsi_oversold,r_multiple_2r,wed,2,1.0,21.22535,42.4507
stochrsi_oversold,r_multiple_3r,fri,5,0.2,-0.11966000000000002,-0.5983
stochrsi_oversold,r_multiple_3r,mon,5,0.0,-4.98614,-24.930699999999998
stochrsi_oversold,r_multiple_3r,thu,7,0.42857142857142855,11.266900000000001,78.8683
stochrsi_oversold,r_multiple_3r,tue,5,0.4,0.5219400000000001,2.6097
stochrsi_oversold,r_multiple_3r,wed,2,1.0,28.47035,56.9407
stochrsi_oversold,regime_flip,fri,5,1.0,6.751759999999999,33.758799999999994
stochrsi_oversold,regime_flip,mon,5,0.6,-0.4885200000000001,-2.4426000000000005
stochrsi_oversold,regime_flip,thu,7,0.8571428571428571,8.470014285714287,59.2901
stochrsi_oversold,regime_flip,tue,5,0.4,-1.71434,-8.5717
stochrsi_oversold,regime_flip,wed,2,1.0,45.29845,90.5969
stochrsi_oversold,time_stop_10d,fri,5,0.6,-0.34686000000000006,-1.7343000000000002
stochrsi_oversold,time_stop_10d,mon,5,0.2,0.07093999999999999,0.35469999999999996
stochrsi_oversold,time_stop_10d,thu,7,0.8571428571428571,6.202942857142857,43.4206
stochrsi_oversold,time_stop_10d,tue,5,0.8,2.09228,10.461400000000001
stochrsi_oversold,time_stop_10d,wed,2,1.0,46.2761,92.5522
stochrsi_oversold,time_stop_20d,fri,5,1.0,6.751759999999999,33.758799999999994
stochrsi_oversold,time_stop_20d,mon,5,0.6,-0.4885200000000001,-2.4426000000000005
stochrsi_oversold,time_stop_20d,thu,7,0.8571428571428571,8.470014285714287,59.2901
stochrsi_oversold,time_stop_20d,tue,5,0.4,-1.71434,-8.5717
stochrsi_oversold,time_stop_20d,wed,2,1.0,45.29845,90.5969
stochrsi_oversold,trailing_10pct,fri,5,0.6,4.51882,22.5941
stochrsi_oversold,trailing_10pct,mon,5,0.2,-2.6543,-13.2715
stochrsi_oversold,trailing_10pct,thu,7,0.0,-3.0961571428571424,-21.673099999999998
stochrsi_oversold,trailing_10pct,tue,5,0.6,0.93764,4.6882
stochrsi_oversold,trailing_10pct,wed,2,0.5,8.266350000000001,16.532700000000002
stochrsi_oversold,trailing_15pct,fri,5,0.4,1.1630600000000006,5.815300000000003
stochrsi_oversold,trailing_15pct,mon,5,0.2,-5.30278,-26.5139
stochrsi_oversold,trailing_15pct,thu,7,0.2857142857142857,-2.6965,-18.8755
stochrsi_oversold,trailing_15pct,tue,5,0.2,-0.6920200000000002,-3.460100000000001
stochrsi_oversold,trailing_15pct,wed,2,1.0,12.423950000000001,24.847900000000003
stochrsi_oversold,trailing_5pct,fri,5,0.2,-1.0011400000000001,-5.005700000000001
stochrsi_oversold,trailing_5pct,mon,5,0.6,0.31350000000000006,1.5675000000000003
stochrsi_oversold,trailing_5pct,thu,7,0.14285714285714285,-1.3172285714285716,-9.220600000000001
stochrsi_oversold,trailing_5pct,tue,5,0.4,1.55826,7.7913
stochrsi_oversold,trailing_5pct,wed,2,0.5,-1.1710500000000001,-2.3421000000000003
supertrend_macd,atr_trail_1x,thu,3,0.3333333333333333,7.5231666666666674,22.5695
supertrend_macd,atr_trail_1x,tue,1,0.0,-3.8833,-3.8833
supertrend_macd,atr_trail_1x,wed,1,0.0,-3.5722,-3.5722
supertrend_macd,atr_trail_2x,thu,3,0.6666666666666666,9.357966666666668,28.073900000000002
supertrend_macd,atr_trail_2x,tue,1,0.0,-5.6463,-5.6463
supertrend_macd,atr_trail_2x,wed,1,0.0,-0.7381,-0.7381
supertrend_macd,break_even_at_1r,thu,3,0.3333333333333333,7.021233333333334,21.0637
supertrend_macd,break_even_at_1r,tue,1,0.0,-3.8833,-3.8833
supertrend_macd,break_even_at_1r,wed,1,0.0,-3.5722,-3.5722
supertrend_macd,breakeven_plus_trail,thu,3,1.0,15.626166666666665,46.878499999999995
supertrend_macd,breakeven_plus_trail,tue,1,0.0,-7.7666,-7.7666
supertrend_macd,breakeven_plus_trail,wed,1,1.0,35.2257,35.2257
supertrend_macd,class_time_stop,thu,3,0.6666666666666666,12.074833333333332,36.2245
supertrend_macd,class_time_stop,tue,1,0.0,-11.8799,-11.8799
supertrend_macd,class_time_stop,wed,1,1.0,14.6657,14.6657
supertrend_macd,earnings_blackout,thu,3,1.0,183.77246666666667,551.3174
supertrend_macd,earnings_blackout,tue,1,1.0,111.9657,111.9657
supertrend_macd,earnings_blackout,wed,1,1.0,94.7695,94.7695
supertrend_macd,fixed_4r_2r,thu,3,0.6666666666666666,15.193066666666667,45.5792
supertrend_macd,fixed_4r_2r,tue,1,0.0,-7.7666,-7.7666
supertrend_macd,fixed_4r_2r,wed,1,1.0,14.2889,14.2889
supertrend_macd,hybrid_50pct_target,thu,3,0.3333333333333333,3.7957666666666667,11.3873
supertrend_macd,hybrid_50pct_target,tue,1,0.0,-10.0,-10.0
supertrend_macd,hybrid_50pct_target,wed,1,1.0,5.155,5.155
supertrend_macd,ma_exit_ema9,thu,3,0.0,-2.1613,-6.4839
supertrend_macd,ma_exit_ema9,tue,1,0.0,-0.8649,-0.8649
supertrend_macd,ma_exit_ema9,wed,1,0.0,-2.6527,-2.6527
supertrend_macd,next_pivot_target,thu,3,0.3333333333333333,2.3336333333333337,7.0009000000000015
supertrend_macd,next_pivot_target,tue,1,0.0,-11.0004,-11.0004
supertrend_macd,next_pivot_target,wed,1,1.0,6.9715,6.9715
supertrend_macd,r_multiple_2r,thu,3,0.3333333333333333,3.8792666666666675,11.637800000000002
supertrend_macd,r_multiple_2r,tue,1,0.0,-3.8833,-3.8833
supertrend_macd,r_multiple_2r,wed,1,0.0,-3.5722,-3.5722
supertrend_macd,r_multiple_3r,thu,3,0.3333333333333333,3.8792666666666675,11.637800000000002
supertrend_macd,r_multiple_3r,tue,1,0.0,-3.8833,-3.8833
supertrend_macd,r_multiple_3r,wed,1,0.0,-3.5722,-3.5722
supertrend_macd,regime_flip,thu,3,0.6666666666666666,12.209333333333333,36.628
supertrend_macd,regime_flip,tue,1,0.0,-5.5557,-5.5557
supertrend_macd,regime_flip,wed,1,1.0,13.6676,13.6676
supertrend_macd,time_stop_10d,thu,3,0.3333333333333333,9.767299999999999,29.301899999999996
supertrend_macd,time_stop_10d,tue,1,0.0,-0.6136,-0.6136
supertrend_macd,time_stop_10d,wed,1,1.0,0.7911,0.7911
supertrend_macd,time_stop_20d,thu,3,0.6666666666666666,12.209333333333333,36.628
supertrend_macd,time_stop_20d,tue,1,0.0,-5.5557,-5.5557
supertrend_macd,time_stop_20d,wed,1,1.0,13.6676,13.6676
supertrend_macd,trailing_10pct,thu,3,0.3333333333333333,5.4756,16.4268
supertrend_macd,trailing_10pct,tue,1,0.0,-9.1198,-9.1198
supertrend_macd,trailing_10pct,wed,1,1.0,35.2257,35.2257
supertrend_macd,trailing_15pct,thu,3,0.6666666666666666,25.2928,75.8784
supertrend_macd,trailing_15pct,tue,1,0.0,-9.0424,-9.0424
supertrend_macd,trailing_15pct,wed,1,1.0,27.7132,27.7132
supertrend_macd,trailing_5pct,thu,3,0.3333333333333333,9.362900000000002,28.088700000000003
supertrend_macd,trailing_5pct,tue,1,0.0,-5.0,-5.0
supertrend_macd,trailing_5pct,wed,1,1.0,1.8204,1.8204
williams_r_oversold,atr_trail_1x,fri,5,0.4,0.1374200000000001,0.6871000000000005
williams_r_oversold,atr_trail_1x,mon,2,1.0,7.4035,14.807
williams_r_oversold,atr_trail_1x,thu,3,0.0,-4.026166666666667,-12.0785
williams_r_oversold,atr_trail_1x,tue,1,0.0,-1.4781,-1.4781
williams_r_oversold,atr_trail_1x,wed,2,0.0,-2.54475,-5.0895
williams_r_oversold,atr_trail_2x,fri,5,0.6,1.13612,5.6806
williams_r_oversold,atr_trail_2x,mon,2,1.0,26.781,53.562
williams_r_oversold,atr_trail_2x,thu,3,0.3333333333333333,-5.394466666666666,-16.1834
williams_r_oversold,atr_trail_2x,tue,1,0.0,-2.9561,-2.9561
williams_r_oversold,atr_trail_2x,wed,2,0.0,-4.36255,-8.7251
williams_r_oversold,break_even_at_1r,fri,5,0.2,0.2130600000000001,1.0653000000000006
williams_r_oversold,break_even_at_1r,mon,2,1.0,25.544900000000002,51.089800000000004
williams_r_oversold,break_even_at_1r,thu,3,0.0,-4.1882,-12.5646
williams_r_oversold,break_even_at_1r,tue,1,0.0,-1.4781,-1.4781
williams_r_oversold,break_even_at_1r,wed,2,0.0,-1.32485,-2.6497
williams_r_oversold,breakeven_plus_trail,fri,5,0.4,9.053360000000001,45.2668
williams_r_oversold,breakeven_plus_trail,mon,2,1.0,25.544900000000002,51.089800000000004
williams_r_oversold,breakeven_plus_trail,thu,3,0.3333333333333333,-7.562333333333334,-22.687
williams_r_oversold,breakeven_plus_trail,tue,1,0.0,-2.9561,-2.9561
williams_r_oversold,breakeven_plus_trail,wed,2,0.0,-3.2289,-6.4578
williams_r_oversold,class_time_stop,fri,5,0.6,1.3188399999999998,6.594199999999999
williams_r_oversold,class_time_stop,mon,2,1.0,19.99575,39.9915
williams_r_oversold,class_time_stop,thu,3,0.0,-8.146933333333333,-24.4408
williams_r_oversold,class_time_stop,tue,1,0.0,-9.9483,-9.9483
williams_r_oversold,class_time_stop,wed,2,0.5,0.5217999999999998,1.0435999999999996
williams_r_oversold,earnings_blackout,fri,5,0.4,12.41788,62.0894
williams_r_oversold,earnings_blackout,mon,2,1.0,51.23075,102.4615
williams_r_oversold,earnings_blackout,thu,3,0.3333333333333333,-11.175133333333335,-33.525400000000005
williams_r_oversold,earnings_blackout,tue,1,1.0,25.6065,25.6065
williams_r_oversold,earnings_blackout,wed,2,1.0,44.3725,88.745
williams_r_oversold,fixed_4r_2r,fri,5,0.4,0.49836000000000047,2.4918000000000022
williams_r_oversold,fixed_4r_2r,mon,2,1.0,29.33535,58.6707
williams_r_oversold,fixed_4r_2r,thu,3,0.0,-11.543666666666667,-34.631
williams_r_oversold,fixed_4r_2r,tue,1,0.0,-2.9561,-2.9561
williams_r_oversold,fixed_4r_2r,wed,2,0.0,-5.43845,-10.8769
williams_r_oversold,hybrid_50pct_target,fri,5,0.6,3.3561199999999993,16.780599999999996
williams_r_oversold,hybrid_50pct_target,mon,2,1.0,23.77325,47.5465
williams_r_oversold,hybrid_50pct_target,thu,3,0.0,-10.0,-30.0
williams_r_oversold,hybrid_50pct_target,tue,1,0.0,-10.0,-10.0
williams_r_oversold,hybrid_50pct_target,wed,2,0.5,0.22550000000000026,0.4510000000000005
williams_r_oversold,ma_exit_ema9,fri,5,0.8,1.56306,7.8153
williams_r_oversold,ma_exit_ema9,mon,2,1.0,4.1865,8.373
williams_r_oversold,ma_exit_ema9,thu,3,0.3333333333333333,-0.40280000000000005,-1.2084000000000001
williams_r_oversold,ma_exit_ema9,tue,1,0.0,-1.1897,-1.1897
williams_r_oversold,ma_exit_ema9,wed,2,0.5,-0.6494,-1.2988
williams_r_oversold,next_pivot_target,fri,5,0.8,7.046180000000001,35.230900000000005
williams_r_oversold,next_pivot_target,mon,2,1.0,13.423350000000001,26.846700000000002
williams_r_oversold,next_pivot_target,thu,3,0.3333333333333333,-3.1144,-9.3432
williams_r_oversold,next_pivot_target,tue,1,0.0,-10.0,-10.0
williams_r_oversold,next_pivot_target,wed,2,0.5,-3.581,-7.162
williams_r_oversold,r_multiple_2r,fri,5,0.4,1.1286800000000003,5.6434000000000015
williams_r_oversold,r_multiple_2r,mon,2,1.0,14.6677,29.3354
williams_r_oversold,r_multiple_2r,thu,3,0.3333333333333333,0.9445666666666668,2.8337000000000003
williams_r_oversold,r_multiple_2r,tue,1,0.0,-1.4781,-1.4781
williams_r_oversold,r_multiple_2r,wed,2,0.0,-2.8137499999999998,-5.6274999999999995
williams_r_oversold,r_multiple_3r,fri,5,0.4,2.4354000000000005,12.177000000000003
williams_r_oversold,r_multiple_3r,mon,2,1.0,22.00155,44.0031
williams_r_oversold,r_multiple_3r,thu,3,0.0,-6.6998999999999995,-20.0997
williams_r_oversold,r_multiple_3r,tue,1,0.0,-1.4781,-1.4781
williams_r_oversold,r_multiple_3r,wed,2,0.0,-2.8137499999999998,-5.6274999999999995
williams_r_oversold,regime_flip,fri,5,0.6,2.49048,12.452399999999999
williams_r_oversold,regime_flip,mon,2,1.0,32.7745,65.549
williams_r_oversold,regime_flip,thu,3,0.3333333333333333,-7.386366666666667,-22.159100000000002
williams_r_oversold,regime_flip,tue,1,0.0,-8.7634,-8.7634
williams_r_oversold,regime_flip,wed,2,0.5,1.24295,2.4859
williams_r_oversold,time_stop_10d,fri,5,0.6,1.2828199999999998,6.4140999999999995
williams_r_oversold,time_stop_10d,mon,2,1.0,15.482000000000001,30.964000000000002
williams_r_oversold,time_stop_10d,thu,3,0.3333333333333333,-4.109366666666667,-12.328100000000001
williams_r_oversold,time_stop_10d,tue,1,0.0,-2.6628,-2.6628
williams_r_oversold,time_stop_10d,wed,2,0.5,-2.37415,-4.7483
williams_r_oversold,time_stop_20d,fri,5,0.6,2.49048,12.452399999999999
williams_r_oversold,time_stop_20d,mon,2,1.0,32.7745,65.549
williams_r_oversold,time_stop_20d,thu,3,0.3333333333333333,-7.386366666666667,-22.159100000000002
williams_r_oversold,time_stop_20d,tue,1,0.0,-8.7634,-8.7634
williams_r_oversold,time_stop_20d,wed,2,0.5,1.24295,2.4859
williams_r_oversold,trailing_10pct,fri,5,0.4,0.13167999999999996,0.6583999999999999
williams_r_oversold,trailing_10pct,mon,2,1.0,25.544900000000002,51.089800000000004
williams_r_oversold,trailing_10pct,thu,3,0.3333333333333333,-4.058766666666666,-12.1763
williams_r_oversold,trailing_10pct,tue,1,0.0,-9.9323,-9.9323
williams_r_oversold,trailing_10pct,wed,2,0.0,-8.63615,-17.2723
williams_r_oversold,trailing_15pct,fri,5,0.4,6.993480000000001,34.967400000000005
williams_r_oversold,trailing_15pct,mon,2,1.0,18.5702,37.1404
williams_r_oversold,trailing_15pct,thu,3,0.0,-9.291666666666666,-27.875
williams_r_oversold,trailing_15pct,tue,1,0.0,-12.4181,-12.4181
williams_r_oversold,trailing_15pct,wed,2,0.0,-11.6731,-23.3462
williams_r_oversold,trailing_5pct,fri,5,0.2,0.7423400000000002,3.711700000000001
williams_r_oversold,trailing_5pct,mon,2,0.5,8.7874,17.5748
williams_r_oversold,trailing_5pct,thu,3,0.0,-3.094133333333333,-9.282399999999999
williams_r_oversold,trailing_5pct,tue,1,0.0,-4.9285,-4.9285
williams_r_oversold,trailing_5pct,wed,2,0.0,-3.5604,-7.1208
