strategy,sector,sector_criteria,direction_mix,total_trades,win_rate,win_rate_ci_low,win_rate_ci_high,statistically_random,profit_factor,expected_value,win_loss_ratio,avg_win_pct,avg_loss_pct,max_drawdown_pct,total_roi_pct,sharpe_ratio,sharpe_daily,sortino_ratio,deflated_sharpe,psr,psr_note,tiered_min_trades,meets_tiered_min,pct_trades_near_event,pct_trades_near_fomc,pct_trades_near_cpi,pct_trades_near_nfp,win_rate_near_event,win_rate_far_from_event,win_rate_event_delta,event_wr_note,adf_statistic,adf_p_value,is_stationary,adf_note,chow_f_statistic,chow_p_value,has_structural_break,chow_note,sharpe_at_0bps,sharpe_at_5bps,sharpe_at_10bps,sharpe_at_20bps,avg_aep_pct,n_aep_eligible,poor_exit_timing,aep_note,calmar_ratio,kelly,avg_hold_days,best_trade_pct,worst_trade_pct,smart_money_lift,macro_correlation,regimes_profitable,regime_verdicts,best_regimes,passes_all,audit_flags,category,regime_bear_correction_2022,regime_rate_rising_2022_2023,regime_strong_bull_2023,regime_rate_falling_2024,regime_ai_sector_bull_2024,regime_tariff_shock_2025,regime_ai_divergence_2025_2026,regime_covid_crisis_2020
prev_day_low_bounce,Information Technology,high_volatility,2L/0S,2,1.0,0.3424,1.0,True,inf,21.5072,999.0,21.5072,0.0,0.0,43.0145,2.842,32.45,999.0,,,insufficient_sample,150,False,0.0,0.0,0.0,0.0,,,,insufficient_sample,,,,insufficient_sample,,,,insufficient_sample,2.842,2.836,2.829,2.816,0.4889,2,False,ok,0.0,"{'full_kelly_pct': 0.0, 'quarter_kelly_pct': 0.0, 'note': 'insufficient_data'}",46.5,33.9636,9.0509,,,0,"{'bear_correction_2022': 'INSUFFICIENT_DATA', 'rate_rising_2022_2023': 'INSUFFICIENT_DATA', 'strong_bull_2023': 'INSUFFICIENT_DATA', 'rate_falling_2024': 'INSUFFICIENT_DATA', 'ai_sector_bull_2024': 'INSUFFICIENT_DATA', 'tariff_shock_2025': 'INSUFFICIENT_DATA', 'ai_divergence_2025_2026': 'INSUFFICIENT_DATA', 'covid_crisis_2020': 'INSUFFICIENT_DATA'}",[],False,"['win_rate_100.0pct_exceeds_audit_threshold', 'profit_factor_inf_exceeds_audit_threshold', 'ci_lower_34.2pct_may_be_random']",pivot,INSUFFICIENT_DATA,INSUFFICIENT_DATA,INSUFFICIENT_DATA,INSUFFICIENT_DATA,INSUFFICIENT_DATA,INSUFFICIENT_DATA,INSUFFICIENT_DATA,INSUFFICIENT_DATA
naked_poc_retest_long,Information Technology,high_volatility,1L/0S,1,1.0,0.2065,1.0,True,inf,7.0412,999.0,7.0412,0.0,0.0,7.0412,,0.0,999.0,,,insufficient_sample,100,False,0.0,0.0,0.0,0.0,,,,insufficient_sample,,,,insufficient_sample,,,,insufficient_sample,,,,,0.2658,1,False,ok,0.0,"{'full_kelly_pct': 0.0, 'quarter_kelly_pct': 0.0, 'note': 'insufficient_data'}",26.0,7.0412,7.0412,,,0,"{'bear_correction_2022': 'INSUFFICIENT_DATA', 'rate_rising_2022_2023': 'INSUFFICIENT_DATA', 'strong_bull_2023': 'INSUFFICIENT_DATA', 'rate_falling_2024': 'INSUFFICIENT_DATA', 'ai_sector_bull_2024': 'INSUFFICIENT_DATA', 'tariff_shock_2025': 'INSUFFICIENT_DATA', 'ai_divergence_2025_2026': 'INSUFFICIENT_DATA', 'covid_crisis_2020': 'INSUFFICIENT_DATA'}",[],False,"['win_rate_100.0pct_exceeds_audit_threshold', 'profit_factor_inf_exceeds_audit_threshold', 'ci_lower_20.6pct_may_be_random']",volume_profile,INSUFFICIENT_DATA,INSUFFICIENT_DATA,INSUFFICIENT_DATA,INSUFFICIENT_DATA,INSUFFICIENT_DATA,INSUFFICIENT_DATA,INSUFFICIENT_DATA,INSUFFICIENT_DATA
head_and_shoulders_bottom_long,Communication Services,high_volatility,1L/0S,1,1.0,0.2065,1.0,True,inf,18.6202,999.0,18.6202,0.0,0.0,18.6202,,0.0,999.0,,,insufficient_sample,100,False,0.0,0.0,0.0,0.0,,,,insufficient_sample,,,,insufficient_sample,,,,insufficient_sample,,,,,0.2044,1,False,ok,0.0,"{'full_kelly_pct': 0.0, 'quarter_kelly_pct': 0.0, 'note': 'insufficient_data'}",58.0,18.6202,18.6202,,,0,"{'bear_correction_2022': 'INSUFFICIENT_DATA', 'rate_rising_2022_2023': 'INSUFFICIENT_DATA', 'strong_bull_2023': 'INSUFFICIENT_DATA', 'rate_falling_2024': 'INSUFFICIENT_DATA', 'ai_sector_bull_2024': 'INSUFFICIENT_DATA', 'tariff_shock_2025': 'INSUFFICIENT_DATA', 'ai_divergence_2025_2026': 'INSUFFICIENT_DATA', 'covid_crisis_2020': 'INSUFFICIENT_DATA'}",[],False,"['win_rate_100.0pct_exceeds_audit_threshold', 'profit_factor_inf_exceeds_audit_threshold', 'ci_lower_20.6pct_may_be_random']",chart_pattern,INSUFFICIENT_DATA,INSUFFICIENT_DATA,INSUFFICIENT_DATA,INSUFFICIENT_DATA,INSUFFICIENT_DATA,INSUFFICIENT_DATA,INSUFFICIENT_DATA,INSUFFICIENT_DATA
williams_r_oversold,Information Technology,high_volatility,4L/0S,4,0.75,0.3006,0.9544,True,3.3488,4.4036,1.1163,8.3712,-7.4994,0.0,17.6142,1.065,10.987,1.305,,,insufficient_sample,300,False,75.0,0.0,25.0,50.0,,,,insufficient_sample,,,,insufficient_sample,,,,insufficient_sample,1.065,1.052,1.04,1.016,0.5576,3,True,ok,0.0,"{'full_kelly_pct': 52.6, 'quarter_kelly_pct': 13.15, 'note': 'tier_may_be_undersizing'}",51.0,11.9324,-7.4994,,,0,"{'bear_correction_2022': 'INSUFFICIENT_DATA', 'rate_rising_2022_2023': 'INSUFFICIENT_DATA', 'strong_bull_2023': 'INSUFFICIENT_DATA', 'rate_falling_2024': 'INSUFFICIENT_DATA', 'ai_sector_bull_2024': 'INSUFFICIENT_DATA', 'tariff_shock_2025': 'INSUFFICIENT_DATA', 'ai_divergence_2025_2026': 'INSUFFICIENT_DATA', 'covid_crisis_2020': 'INSUFFICIENT_DATA'}",[],False,"['win_rate_75.0pct_exceeds_audit_threshold', 'profit_factor_3.35_exceeds_audit_threshold', 'ci_lower_30.1pct_may_be_random']",momentum,INSUFFICIENT_DATA,INSUFFICIENT_DATA,INSUFFICIENT_DATA,INSUFFICIENT_DATA,INSUFFICIENT_DATA,INSUFFICIENT_DATA,INSUFFICIENT_DATA,INSUFFICIENT_DATA
cup_and_handle_long,Information Technology,high_volatility,3L/0S,3,0.6667,0.2077,0.9385,True,5.1447,8.5481,2.5723,15.9158,-6.1873,-6.1873,25.6443,0.988,7.977,2.27,,,insufficient_sample,100,False,0.0,0.0,0.0,0.0,,,,insufficient_sample,,,,insufficient_sample,,,,insufficient_sample,0.988,0.983,0.977,0.965,0.3537,2,False,ok,3.73,"{'full_kelly_pct': 53.71, 'quarter_kelly_pct': 13.43, 'note': 'tier_may_be_undersizing'}",93.3,22.1724,-6.1873,,,0,"{'bear_correction_2022': 'INSUFFICIENT_DATA', 'rate_rising_2022_2023': 'INSUFFICIENT_DATA', 'strong_bull_2023': 'INSUFFICIENT_DATA', 'rate_falling_2024': 'INSUFFICIENT_DATA', 'ai_sector_bull_2024': 'INSUFFICIENT_DATA', 'tariff_shock_2025': 'INSUFFICIENT_DATA', 'ai_divergence_2025_2026': 'INSUFFICIENT_DATA', 'covid_crisis_2020': 'INSUFFICIENT_DATA'}",[],False,"['win_rate_66.7pct_exceeds_audit_threshold', 'profit_factor_5.14_exceeds_audit_threshold', 'ci_lower_20.8pct_may_be_random']",chart_pattern,INSUFFICIENT_DATA,INSUFFICIENT_DATA,INSUFFICIENT_DATA,INSUFFICIENT_DATA,INSUFFICIENT_DATA,INSUFFICIENT_DATA,INSUFFICIENT_DATA,INSUFFICIENT_DATA
halloween_seasonal_long,Communication Services,high_volatility,4L/0S,4,0.5,0.15,0.85,True,6.3856,15.4007,6.3856,36.5206,-5.7192,-2.8232,61.6028,1.194,11.476,7.788,,,insufficient_sample,60,False,50.0,25.0,25.0,0.0,,,,insufficient_sample,,,,insufficient_sample,,,,insufficient_sample,1.194,1.19,1.186,1.179,0.5298,2,True,ok,23.399,"{'full_kelly_pct': 42.17, 'quarter_kelly_pct': 10.54, 'note': 'tier_may_be_undersizing'}",58.8,49.542,-8.6152,,,0,"{'bear_correction_2022': 'INSUFFICIENT_DATA', 'rate_rising_2022_2023': 'INSUFFICIENT_DATA', 'strong_bull_2023': 'INSUFFICIENT_DATA', 'rate_falling_2024': 'INSUFFICIENT_DATA', 'ai_sector_bull_2024': 'INSUFFICIENT_DATA', 'tariff_shock_2025': 'INSUFFICIENT_DATA', 'ai_divergence_2025_2026': 'INSUFFICIENT_DATA', 'covid_crisis_2020': 'INSUFFICIENT_DATA'}",[],False,"['profit_factor_6.39_exceeds_audit_threshold', 'ci_lower_15.0pct_may_be_random']",calendar,INSUFFICIENT_DATA,INSUFFICIENT_DATA,INSUFFICIENT_DATA,INSUFFICIENT_DATA,INSUFFICIENT_DATA,INSUFFICIENT_DATA,INSUFFICIENT_DATA,INSUFFICIENT_DATA
monthly_bias_momentum_long,Information Technology,high_volatility,2L/0S,2,0.5,0.0945,0.9055,True,0.1573,-4.3342,0.1573,1.6183,-10.2866,0.0,-8.6684,-1.423,-7.025,-1.164,,,insufficient_sample,100,False,50.0,0.0,0.0,50.0,,,,insufficient_sample,,,,insufficient_sample,,,,insufficient_sample,-1.423,-1.439,-1.456,-1.488,0.9046,1,True,ok,0.0,"{'full_kelly_pct': -267.83, 'quarter_kelly_pct': 0.0, 'note': 'negative_edge'}",33.0,1.6183,-10.2866,,,0,"{'bear_correction_2022': 'INSUFFICIENT_DATA', 'rate_rising_2022_2023': 'INSUFFICIENT_DATA', 'strong_bull_2023': 'INSUFFICIENT_DATA', 'rate_falling_2024': 'INSUFFICIENT_DATA', 'ai_sector_bull_2024': 'INSUFFICIENT_DATA', 'tariff_shock_2025': 'INSUFFICIENT_DATA', 'ai_divergence_2025_2026': 'INSUFFICIENT_DATA', 'covid_crisis_2020': 'INSUFFICIENT_DATA'}",[],False,['ci_lower_9.4pct_may_be_random'],multi_timeframe,INSUFFICIENT_DATA,INSUFFICIENT_DATA,INSUFFICIENT_DATA,INSUFFICIENT_DATA,INSUFFICIENT_DATA,INSUFFICIENT_DATA,INSUFFICIENT_DATA,INSUFFICIENT_DATA
double_bottom_long,Consumer Discretionary,medium_volatility,8L/0S,8,0.375,0.1368,0.6943,True,0.4118,-1.3902,0.6863,2.5951,-3.7814,-11.0498,-11.1217,-0.985,-5.785,-1.342,,,insufficient_sample,100,False,75.0,37.5,12.5,25.0,0.1667,1.0,-0.8333,small_subgroup,,,,insufficient_sample,,,,insufficient_sample,-0.985,-1.02,-1.056,-1.126,0.524,3,True,ok,-1.191,"{'full_kelly_pct': -53.57, 'quarter_kelly_pct': 0.0, 'note': 'negative_edge'}",26.6,5.6803,-8.5827,,,0,"{'bear_correction_2022': 'INSUFFICIENT_DATA', 'rate_rising_2022_2023': 'INSUFFICIENT_DATA', 'strong_bull_2023': 'INSUFFICIENT_DATA', 'rate_falling_2024': 'INSUFFICIENT_DATA', 'ai_sector_bull_2024': 'INSUFFICIENT_DATA', 'tariff_shock_2025': 'INSUFFICIENT_DATA', 'ai_divergence_2025_2026': 'INSUFFICIENT_DATA', 'covid_crisis_2020': 'INSUFFICIENT_DATA'}",[],False,['ci_lower_13.7pct_may_be_random'],chart_pattern,INSUFFICIENT_DATA,INSUFFICIENT_DATA,INSUFFICIENT_DATA,INSUFFICIENT_DATA,INSUFFICIENT_DATA,INSUFFICIENT_DATA,INSUFFICIENT_DATA,INSUFFICIENT_DATA
cpr_narrow_bullish,Information Technology,high_volatility,1L/2S,3,0.3333,0.0615,0.7923,True,1.408,1.6518,2.816,17.101,-6.0727,-11.7866,4.9555,0.316,2.627,3.006,,,insufficient_sample,150,False,66.67,33.33,0.0,33.33,,,,insufficient_sample,,,,insufficient_sample,,,,insufficient_sample,0.316,0.306,0.297,0.277,0.3931,1,False,ok,0.921,"{'full_kelly_pct': 9.66, 'quarter_kelly_pct': 2.41, 'note': 'reasonable'}",38.3,17.101,-7.0689,,,0,"{'bear_correction_2022': 'INSUFFICIENT_DATA', 'rate_rising_2022_2023': 'INSUFFICIENT_DATA', 'strong_bull_2023': 'INSUFFICIENT_DATA', 'rate_falling_2024': 'INSUFFICIENT_DATA', 'ai_sector_bull_2024': 'INSUFFICIENT_DATA', 'tariff_shock_2025': 'INSUFFICIENT_DATA', 'ai_divergence_2025_2026': 'INSUFFICIENT_DATA', 'covid_crisis_2020': 'INSUFFICIENT_DATA'}",[],False,['ci_lower_6.2pct_may_be_random'],pivot,INSUFFICIENT_DATA,INSUFFICIENT_DATA,INSUFFICIENT_DATA,INSUFFICIENT_DATA,INSUFFICIENT_DATA,INSUFFICIENT_DATA,INSUFFICIENT_DATA,INSUFFICIENT_DATA
hull_rsi,Consumer Discretionary,medium_volatility,0L/3S,3,0.3333,0.0615,0.7923,True,0.1227,-5.1896,0.2454,2.1771,-8.873,-8.9321,-15.5689,-2.654,-13.51,-202.586,,,insufficient_sample,300,False,33.33,33.33,0.0,0.0,,,,insufficient_sample,,,,insufficient_sample,,,,insufficient_sample,-2.654,-2.68,-2.705,-2.757,0.1965,1,False,ok,-6.187,"{'full_kelly_pct': -238.37, 'quarter_kelly_pct': 0.0, 'note': 'negative_edge'}",23.7,2.1771,-8.9321,,,0,"{'bear_correction_2022': 'INSUFFICIENT_DATA', 'rate_rising_2022_2023': 'INSUFFICIENT_DATA', 'strong_bull_2023': 'INSUFFICIENT_DATA', 'rate_falling_2024': 'INSUFFICIENT_DATA', 'ai_sector_bull_2024': 'INSUFFICIENT_DATA', 'tariff_shock_2025': 'INSUFFICIENT_DATA', 'ai_divergence_2025_2026': 'INSUFFICIENT_DATA', 'covid_crisis_2020': 'INSUFFICIENT_DATA'}",[],False,['ci_lower_6.2pct_may_be_random'],momentum,INSUFFICIENT_DATA,INSUFFICIENT_DATA,INSUFFICIENT_DATA,INSUFFICIENT_DATA,INSUFFICIENT_DATA,INSUFFICIENT_DATA,INSUFFICIENT_DATA,INSUFFICIENT_DATA
totm_long,Communication Services,high_volatility,4L/0S,4,0.0,0.0,0.4899,True,0.0,-1.3466,0.0,0.0,-1.3466,-4.2424,-5.3863,-5.825,-6.219,-5.825,,,insufficient_sample,60,False,50.0,0.0,0.0,50.0,,,,insufficient_sample,,,,insufficient_sample,,,,insufficient_sample,-5.825,-6.041,-6.258,-6.69,,0,False,no_winning_trades_with_mfe,-8.42,"{'full_kelly_pct': 0.0, 'quarter_kelly_pct': 0.0, 'note': 'insufficient_data'}",9.5,-0.5669,-3.0954,,,0,"{'bear_correction_2022': 'INSUFFICIENT_DATA', 'rate_rising_2022_2023': 'INSUFFICIENT_DATA', 'strong_bull_2023': 'INSUFFICIENT_DATA', 'rate_falling_2024': 'INSUFFICIENT_DATA', 'ai_sector_bull_2024': 'INSUFFICIENT_DATA', 'tariff_shock_2025': 'INSUFFICIENT_DATA', 'ai_divergence_2025_2026': 'INSUFFICIENT_DATA', 'covid_crisis_2020': 'INSUFFICIENT_DATA'}",[],False,['ci_lower_0.0pct_may_be_random'],calendar,INSUFFICIENT_DATA,INSUFFICIENT_DATA,INSUFFICIENT_DATA,INSUFFICIENT_DATA,INSUFFICIENT_DATA,INSUFFICIENT_DATA,INSUFFICIENT_DATA,INSUFFICIENT_DATA
break_retest_confluence,Information Technology,high_volatility,0L/1S,1,0.0,0.0,0.7935,True,0.0,-8.9275,0.0,0.0,-8.9275,0.0,-8.9275,,0.0,-2.181,,,insufficient_sample,300,False,100.0,0.0,100.0,0.0,,,,insufficient_sample,,,,insufficient_sample,,,,insufficient_sample,,,,,,0,False,no_winning_trades_with_mfe,0.0,"{'full_kelly_pct': 0.0, 'quarter_kelly_pct': 0.0, 'note': 'insufficient_data'}",53.0,-8.9275,-8.9275,,,0,"{'bear_correction_2022': 'INSUFFICIENT_DATA', 'rate_rising_2022_2023': 'INSUFFICIENT_DATA', 'strong_bull_2023': 'INSUFFICIENT_DATA', 'rate_falling_2024': 'INSUFFICIENT_DATA', 'ai_sector_bull_2024': 'INSUFFICIENT_DATA', 'tariff_shock_2025': 'INSUFFICIENT_DATA', 'ai_divergence_2025_2026': 'INSUFFICIENT_DATA', 'covid_crisis_2020': 'INSUFFICIENT_DATA'}",[],False,['ci_lower_0.0pct_may_be_random'],confluence,INSUFFICIENT_DATA,INSUFFICIENT_DATA,INSUFFICIENT_DATA,INSUFFICIENT_DATA,INSUFFICIENT_DATA,INSUFFICIENT_DATA,INSUFFICIENT_DATA,INSUFFICIENT_DATA
xs_momentum_top_decile,Information Technology,high_volatility,1L/0S,1,0.0,0.0,0.7935,True,0.0,-10.0818,0.0,0.0,-10.0818,0.0,-10.0818,,0.0,-5.612,,,insufficient_sample,100,False,100.0,0.0,100.0,0.0,,,,insufficient_sample,,,,insufficient_sample,,,,insufficient_sample,,,,,,0,False,no_winning_trades_with_mfe,0.0,"{'full_kelly_pct': 0.0, 'quarter_kelly_pct': 0.0, 'note': 'insufficient_data'}",8.0,-10.0818,-10.0818,,,0,"{'bear_correction_2022': 'INSUFFICIENT_DATA', 'rate_rising_2022_2023': 'INSUFFICIENT_DATA', 'strong_bull_2023': 'INSUFFICIENT_DATA', 'rate_falling_2024': 'INSUFFICIENT_DATA', 'ai_sector_bull_2024': 'INSUFFICIENT_DATA', 'tariff_shock_2025': 'INSUFFICIENT_DATA', 'ai_divergence_2025_2026': 'INSUFFICIENT_DATA', 'covid_crisis_2020': 'INSUFFICIENT_DATA'}",[],False,['ci_lower_0.0pct_may_be_random'],factor,INSUFFICIENT_DATA,INSUFFICIENT_DATA,INSUFFICIENT_DATA,INSUFFICIENT_DATA,INSUFFICIENT_DATA,INSUFFICIENT_DATA,INSUFFICIENT_DATA,INSUFFICIENT_DATA
bollinger_tight,Information Technology,high_volatility,2L/0S,2,0.0,0.0,0.6576,True,0.0,-4.898,0.0,0.0,-4.898,-0.5876,-9.796,-6.378,-43.023,-6.378,,,insufficient_sample,300,False,0.0,0.0,0.0,0.0,,,,insufficient_sample,,,,insufficient_sample,,,,insufficient_sample,-6.378,-6.443,-6.508,-6.638,,0,False,no_winning_trades_with_mfe,-525.142,"{'full_kelly_pct': 0.0, 'quarter_kelly_pct': 0.0, 'note': 'insufficient_data'}",4.0,-0.5876,-9.2084,,,0,"{'bear_correction_2022': 'INSUFFICIENT_DATA', 'rate_rising_2022_2023': 'INSUFFICIENT_DATA', 'strong_bull_2023': 'INSUFFICIENT_DATA', 'rate_falling_2024': 'INSUFFICIENT_DATA', 'ai_sector_bull_2024': 'INSUFFICIENT_DATA', 'tariff_shock_2025': 'INSUFFICIENT_DATA', 'ai_divergence_2025_2026': 'INSUFFICIENT_DATA', 'covid_crisis_2020': 'INSUFFICIENT_DATA'}",[],False,['ci_lower_0.0pct_may_be_random'],mean_reversion,INSUFFICIENT_DATA,INSUFFICIENT_DATA,INSUFFICIENT_DATA,INSUFFICIENT_DATA,INSUFFICIENT_DATA,INSUFFICIENT_DATA,INSUFFICIENT_DATA,INSUFFICIENT_DATA
stochrsi_oversold,Information Technology,high_volatility,3L/0S,3,0.0,0.0,0.5615,True,0.0,-0.46,0.0,0.0,-0.46,-0.9057,-1.3801,-588.813,-44.006,-588.813,,,insufficient_sample,300,False,33.33,33.33,0.0,0.0,,,,insufficient_sample,,,,insufficient_sample,,,,insufficient_sample,-588.813,-652.812,-716.811,-844.809,,0,False,no_winning_trades_with_mfe,-127.994,"{'full_kelly_pct': 0.0, 'quarter_kelly_pct': 0.0, 'note': 'insufficient_data'}",1.0,-0.4475,-0.4723,,,0,"{'bear_correction_2022': 'INSUFFICIENT_DATA', 'rate_rising_2022_2023': 'INSUFFICIENT_DATA', 'strong_bull_2023': 'INSUFFICIENT_DATA', 'rate_falling_2024': 'INSUFFICIENT_DATA', 'ai_sector_bull_2024': 'INSUFFICIENT_DATA', 'tariff_shock_2025': 'INSUFFICIENT_DATA', 'ai_divergence_2025_2026': 'INSUFFICIENT_DATA', 'covid_crisis_2020': 'INSUFFICIENT_DATA'}",[],False,['ci_lower_0.0pct_may_be_random'],momentum,INSUFFICIENT_DATA,INSUFFICIENT_DATA,INSUFFICIENT_DATA,INSUFFICIENT_DATA,INSUFFICIENT_DATA,INSUFFICIENT_DATA,INSUFFICIENT_DATA,INSUFFICIENT_DATA
buyback_8k_recent_long,Information Technology,high_volatility,1L/0S,1,0.0,0.0,0.7935,True,0.0,-0.6643,0.0,0.0,-0.6643,0.0,-0.6643,,0.0,-9.165,,,insufficient_sample,60,False,100.0,0.0,0.0,100.0,,,,insufficient_sample,,,,insufficient_sample,,,,insufficient_sample,,,,,,0,False,no_winning_trades_with_mfe,0.0,"{'full_kelly_pct': 0.0, 'quarter_kelly_pct': 0.0, 'note': 'insufficient_data'}",3.0,-0.6643,-0.6643,,,0,"{'bear_correction_2022': 'INSUFFICIENT_DATA', 'rate_rising_2022_2023': 'INSUFFICIENT_DATA', 'strong_bull_2023': 'INSUFFICIENT_DATA', 'rate_falling_2024': 'INSUFFICIENT_DATA', 'ai_sector_bull_2024': 'INSUFFICIENT_DATA', 'tariff_shock_2025': 'INSUFFICIENT_DATA', 'ai_divergence_2025_2026': 'INSUFFICIENT_DATA', 'covid_crisis_2020': 'INSUFFICIENT_DATA'}",[],False,['ci_lower_0.0pct_may_be_random'],event_driven,INSUFFICIENT_DATA,INSUFFICIENT_DATA,INSUFFICIENT_DATA,INSUFFICIENT_DATA,INSUFFICIENT_DATA,INSUFFICIENT_DATA,INSUFFICIENT_DATA,INSUFFICIENT_DATA
avwap_252_breakout,Information Technology,high_volatility,1L/0S,1,0.0,0.0,0.7935,True,0.0,-0.4842,0.0,0.0,-0.4842,0.0,-0.4842,,0.0,-15.875,,,insufficient_sample,100,False,100.0,0.0,0.0,100.0,,,,insufficient_sample,,,,insufficient_sample,,,,insufficient_sample,,,,,,0,False,no_winning_trades_with_mfe,0.0,"{'full_kelly_pct': 0.0, 'quarter_kelly_pct': 0.0, 'note': 'insufficient_data'}",1.0,-0.4842,-0.4842,,,0,"{'bear_correction_2022': 'INSUFFICIENT_DATA', 'rate_rising_2022_2023': 'INSUFFICIENT_DATA', 'strong_bull_2023': 'INSUFFICIENT_DATA', 'rate_falling_2024': 'INSUFFICIENT_DATA', 'ai_sector_bull_2024': 'INSUFFICIENT_DATA', 'tariff_shock_2025': 'INSUFFICIENT_DATA', 'ai_divergence_2025_2026': 'INSUFFICIENT_DATA', 'covid_crisis_2020': 'INSUFFICIENT_DATA'}",[],False,['ci_lower_0.0pct_may_be_random'],vwap,INSUFFICIENT_DATA,INSUFFICIENT_DATA,INSUFFICIENT_DATA,INSUFFICIENT_DATA,INSUFFICIENT_DATA,INSUFFICIENT_DATA,INSUFFICIENT_DATA,INSUFFICIENT_DATA
ultimate_oscillator,Communication Services,high_volatility,1L/0S,1,0.0,0.0,0.7935,True,0.0,-0.5481,0.0,0.0,-0.5481,0.0,-0.5481,,0.0,-15.875,,,insufficient_sample,300,False,0.0,0.0,0.0,0.0,,,,insufficient_sample,,,,insufficient_sample,,,,insufficient_sample,,,,,,0,False,no_winning_trades_with_mfe,0.0,"{'full_kelly_pct': 0.0, 'quarter_kelly_pct': 0.0, 'note': 'insufficient_data'}",1.0,-0.5481,-0.5481,,,0,"{'bear_correction_2022': 'INSUFFICIENT_DATA', 'rate_rising_2022_2023': 'INSUFFICIENT_DATA', 'strong_bull_2023': 'INSUFFICIENT_DATA', 'rate_falling_2024': 'INSUFFICIENT_DATA', 'ai_sector_bull_2024': 'INSUFFICIENT_DATA', 'tariff_shock_2025': 'INSUFFICIENT_DATA', 'ai_divergence_2025_2026': 'INSUFFICIENT_DATA', 'covid_crisis_2020': 'INSUFFICIENT_DATA'}",[],False,['ci_lower_0.0pct_may_be_random'],momentum,INSUFFICIENT_DATA,INSUFFICIENT_DATA,INSUFFICIENT_DATA,INSUFFICIENT_DATA,INSUFFICIENT_DATA,INSUFFICIENT_DATA,INSUFFICIENT_DATA,INSUFFICIENT_DATA
macd_fast_crossover,Information Technology,high_volatility,0L/1S,1,0.0,0.0,0.7935,True,0.0,-9.0923,0.0,0.0,-9.0923,0.0,-9.0923,,0.0,-1.673,,,insufficient_sample,300,False,100.0,0.0,0.0,100.0,,,,insufficient_sample,,,,insufficient_sample,,,,insufficient_sample,,,,,,0,False,no_winning_trades_with_mfe,0.0,"{'full_kelly_pct': 0.0, 'quarter_kelly_pct': 0.0, 'note': 'insufficient_data'}",90.0,-9.0923,-9.0923,,,0,"{'bear_correction_2022': 'INSUFFICIENT_DATA', 'rate_rising_2022_2023': 'INSUFFICIENT_DATA', 'strong_bull_2023': 'INSUFFICIENT_DATA', 'rate_falling_2024': 'INSUFFICIENT_DATA', 'ai_sector_bull_2024': 'INSUFFICIENT_DATA', 'tariff_shock_2025': 'INSUFFICIENT_DATA', 'ai_divergence_2025_2026': 'INSUFFICIENT_DATA', 'covid_crisis_2020': 'INSUFFICIENT_DATA'}",[],False,['ci_lower_0.0pct_may_be_random'],momentum,INSUFFICIENT_DATA,INSUFFICIENT_DATA,INSUFFICIENT_DATA,INSUFFICIENT_DATA,INSUFFICIENT_DATA,INSUFFICIENT_DATA,INSUFFICIENT_DATA,INSUFFICIENT_DATA
