strategy,exit_method,mae_bucket,n,win_rate,avg_pnl_pct,total_pnl_pct
lead_lag_sector_rotation,atr_trail_1x,q4_ge_10pct,5,0.2,-0.9031600000000001,-4.5158000000000005
lead_lag_sector_rotation,atr_trail_2x,q4_ge_10pct,5,0.8,4.0352,20.176
lead_lag_sector_rotation,atr_trail_mae_conditional,q4_ge_10pct,5,0.2,-0.9031600000000001,-4.5158000000000005
lead_lag_sector_rotation,atr_trail_vix_conditional,q4_ge_10pct,5,0.2,-1.01314,-5.0657
lead_lag_sector_rotation,break_even_at_1r,q4_ge_10pct,5,0.4,3.27142,16.3571
lead_lag_sector_rotation,breakeven_plus_trail,q4_ge_10pct,5,1.0,8.31816,41.5908
lead_lag_sector_rotation,chandelier_3x,q4_ge_10pct,5,0.6,4.5004,22.502
lead_lag_sector_rotation,class_time_stop,q4_ge_10pct,5,1.0,7.7649799999999995,38.8249
lead_lag_sector_rotation,earnings_blackout,q4_ge_10pct,5,1.0,7.07502,35.3751
lead_lag_sector_rotation,fixed_4r_2r,q4_ge_10pct,5,1.0,5.007479999999999,25.037399999999998
lead_lag_sector_rotation,hybrid_50pct_target,q4_ge_10pct,5,1.0,6.22794,31.1397
lead_lag_sector_rotation,ma_exit_ema9,q4_ge_10pct,5,0.6,1.03836,5.1918
lead_lag_sector_rotation,mfe_lockin_trail,q4_ge_10pct,5,0.2,-0.8322200000000001,-4.1611
lead_lag_sector_rotation,multi_tier_partial,q4_ge_10pct,5,0.2,-0.87164,-4.3582
lead_lag_sector_rotation,next_pivot_target,q4_ge_10pct,5,1.0,3.25,16.25
lead_lag_sector_rotation,r_multiple_2r,q4_ge_10pct,5,0.4,-0.42966,-2.1483
lead_lag_sector_rotation,r_multiple_3r,q4_ge_10pct,5,0.4,0.10028000000000006,0.5014000000000003
lead_lag_sector_rotation,regime_flip,q4_ge_10pct,5,1.0,6.152559999999999,30.7628
lead_lag_sector_rotation,reverse_signal,q4_ge_10pct,5,0.2,-0.9031600000000001,-4.5158000000000005
lead_lag_sector_rotation,smart_money_reversal,q4_ge_10pct,5,0.2,-0.9031600000000001,-4.5158000000000005
lead_lag_sector_rotation,smc_mitigation_zone,q4_ge_10pct,5,0.2,-0.71668,-3.5834
lead_lag_sector_rotation,time_stop_10d,q4_ge_10pct,5,1.0,3.1780999999999997,15.8905
lead_lag_sector_rotation,time_stop_20d,q4_ge_10pct,5,1.0,6.152559999999999,30.7628
lead_lag_sector_rotation,trailing_10pct,q4_ge_10pct,5,1.0,8.31816,41.5908
lead_lag_sector_rotation,trailing_15pct,q4_ge_10pct,5,1.0,8.31816,41.5908
lead_lag_sector_rotation,trailing_5pct,q4_ge_10pct,5,1.0,6.96016,34.8008
macd_fast_crossover,atr_trail_1x,q4_ge_10pct,7,0.0,-1.2026571428571429,-8.4186
macd_fast_crossover,atr_trail_2x,q4_ge_10pct,7,0.14285714285714285,-1.892585714285714,-13.248099999999999
macd_fast_crossover,atr_trail_mae_conditional,q4_ge_10pct,7,0.0,-1.2026571428571429,-8.4186
macd_fast_crossover,atr_trail_vix_conditional,q4_ge_10pct,7,0.0,-0.9418714285714286,-6.5931
macd_fast_crossover,break_even_at_1r,q4_ge_10pct,7,0.0,-1.0186285714285714,-7.1304
macd_fast_crossover,breakeven_plus_trail,q4_ge_10pct,7,0.14285714285714285,-1.9660285714285715,-13.7622
macd_fast_crossover,chandelier_3x,q4_ge_10pct,7,0.0,-1.1672999999999998,-8.1711
macd_fast_crossover,class_time_stop,q4_ge_10pct,7,0.2857142857142857,-7.932971428571428,-55.5308
macd_fast_crossover,earnings_blackout,q4_ge_10pct,7,0.42857142857142855,-4.452814285714285,-31.1697
macd_fast_crossover,fixed_4r_2r,q4_ge_10pct,7,0.2857142857142857,-1.8706857142857143,-13.0948
macd_fast_crossover,hybrid_50pct_target,q4_ge_10pct,7,0.42857142857142855,-8.030557142857143,-56.2139
macd_fast_crossover,ma_exit_ema9,q4_ge_10pct,7,0.0,-1.1358714285714286,-7.9511
macd_fast_crossover,mfe_lockin_trail,q4_ge_10pct,7,0.0,-1.2026571428571429,-8.4186
macd_fast_crossover,multi_tier_partial,q4_ge_10pct,7,0.2857142857142857,-0.8380285714285713,-5.866199999999999
macd_fast_crossover,next_pivot_target,q4_ge_10pct,7,0.2857142857142857,-1.9304142857142856,-13.5129
macd_fast_crossover,r_multiple_2r,q4_ge_10pct,7,0.0,-1.429285714285714,-10.004999999999999
macd_fast_crossover,r_multiple_3r,q4_ge_10pct,7,0.0,-1.429285714285714,-10.004999999999999
macd_fast_crossover,regime_flip,q4_ge_10pct,7,0.42857142857142855,-3.536585714285714,-24.7561
macd_fast_crossover,reverse_signal,q4_ge_10pct,7,0.0,-1.2026571428571429,-8.4186
macd_fast_crossover,smart_money_reversal,q4_ge_10pct,7,0.0,-1.2026571428571429,-8.4186
macd_fast_crossover,smc_mitigation_zone,q4_ge_10pct,7,0.2857142857142857,-0.2492142857142857,-1.7445
macd_fast_crossover,time_stop_10d,q4_ge_10pct,7,0.14285714285714285,-3.3732285714285717,-23.6126
macd_fast_crossover,time_stop_20d,q4_ge_10pct,7,0.42857142857142855,-3.536585714285714,-24.7561
macd_fast_crossover,trailing_10pct,q4_ge_10pct,7,0.42857142857142855,-3.597214285714286,-25.180500000000002
macd_fast_crossover,trailing_15pct,q4_ge_10pct,7,0.42857142857142855,-4.386742857142857,-30.7072
macd_fast_crossover,trailing_5pct,q4_ge_10pct,7,0.2857142857142857,-2.7440714285714285,-19.2085
po3_bullish,atr_trail_1x,q4_ge_10pct,6,0.16666666666666666,-1.0560666666666665,-6.336399999999999
po3_bullish,atr_trail_2x,q4_ge_10pct,6,0.3333333333333333,-0.48595000000000005,-2.9157
po3_bullish,atr_trail_mae_conditional,q4_ge_10pct,6,0.16666666666666666,-1.0560666666666665,-6.336399999999999
po3_bullish,atr_trail_vix_conditional,q4_ge_10pct,6,0.16666666666666666,-0.5699166666666667,-3.4195
po3_bullish,break_even_at_1r,q4_ge_10pct,6,0.0,-1.1085833333333335,-6.6515
po3_bullish,breakeven_plus_trail,q4_ge_10pct,6,0.3333333333333333,1.0278333333333334,6.167
po3_bullish,chandelier_3x,q4_ge_10pct,6,0.3333333333333333,-0.8409333333333334,-5.0456
po3_bullish,class_time_stop,q4_ge_10pct,6,0.6666666666666666,1.4653333333333334,8.792
po3_bullish,earnings_blackout,q4_ge_10pct,6,0.8333333333333334,2.4240333333333335,14.5442
po3_bullish,fixed_4r_2r,q4_ge_10pct,6,0.3333333333333333,-1.1134833333333332,-6.680899999999999
po3_bullish,hybrid_50pct_target,q4_ge_10pct,6,0.8333333333333334,1.6309833333333337,9.785900000000002
po3_bullish,ma_exit_ema9,q4_ge_10pct,6,0.16666666666666666,-0.7317999999999999,-4.3908
po3_bullish,mfe_lockin_trail,q4_ge_10pct,6,0.16666666666666666,-1.0560666666666665,-6.336399999999999
po3_bullish,multi_tier_partial,q4_ge_10pct,6,0.5,-0.7669666666666667,-4.6018
po3_bullish,next_pivot_target,q4_ge_10pct,6,0.5,-1.2614833333333333,-7.5689
po3_bullish,r_multiple_2r,q4_ge_10pct,6,0.16666666666666666,-1.227833333333333,-7.366999999999999
po3_bullish,r_multiple_3r,q4_ge_10pct,6,0.16666666666666666,-0.9963000000000001,-5.9778
po3_bullish,regime_flip,q4_ge_10pct,6,0.8333333333333334,1.1833,7.0998
po3_bullish,reverse_signal,q4_ge_10pct,6,0.16666666666666666,-1.0560666666666665,-6.336399999999999
po3_bullish,smart_money_reversal,q4_ge_10pct,6,0.16666666666666666,-1.0560666666666665,-6.336399999999999
po3_bullish,smc_mitigation_zone,q4_ge_10pct,6,0.16666666666666666,-0.9892499999999999,-5.935499999999999
po3_bullish,time_stop_10d,q4_ge_10pct,6,0.3333333333333333,-1.6028666666666667,-9.6172
po3_bullish,time_stop_20d,q4_ge_10pct,6,0.8333333333333334,1.1833,7.0998
po3_bullish,trailing_10pct,q4_ge_10pct,6,0.8333333333333334,2.4240333333333335,14.5442
po3_bullish,trailing_15pct,q4_ge_10pct,6,0.8333333333333334,2.4240333333333335,14.5442
po3_bullish,trailing_5pct,q4_ge_10pct,6,0.5,0.5338999999999999,3.2033999999999994
williams_r_oversold,atr_trail_1x,q4_ge_10pct,7,0.0,-1.7702000000000002,-12.3914
williams_r_oversold,atr_trail_2x,q4_ge_10pct,7,0.8571428571428571,2.7367142857142857,19.157
williams_r_oversold,atr_trail_mae_conditional,q4_ge_10pct,7,0.0,-1.7702000000000002,-12.3914
williams_r_oversold,atr_trail_vix_conditional,q4_ge_10pct,7,0.0,-1.3681285714285714,-9.5769
williams_r_oversold,break_even_at_1r,q4_ge_10pct,7,0.14285714285714285,-1.6469,-11.5283
williams_r_oversold,breakeven_plus_trail,q4_ge_10pct,7,0.5714285714285714,4.763057142857143,33.3414
williams_r_oversold,chandelier_3x,q4_ge_10pct,7,0.14285714285714285,0.03727142857142859,0.26090000000000013
williams_r_oversold,class_time_stop,q4_ge_10pct,7,0.7142857142857143,3.5226285714285717,24.6584
williams_r_oversold,earnings_blackout,q4_ge_10pct,7,0.8571428571428571,2.5612142857142857,17.9285
williams_r_oversold,fixed_4r_2r,q4_ge_10pct,7,0.7142857142857143,4.289271428571428,30.0249
williams_r_oversold,hybrid_50pct_target,q4_ge_10pct,7,0.8571428571428571,3.653257142857143,25.5728
williams_r_oversold,ma_exit_ema9,q4_ge_10pct,7,0.14285714285714285,-0.4887428571428571,-3.4212
williams_r_oversold,mfe_lockin_trail,q4_ge_10pct,7,0.0,-1.7702000000000002,-12.3914
williams_r_oversold,multi_tier_partial,q4_ge_10pct,7,0.14285714285714285,-1.657857142857143,-11.605
williams_r_oversold,next_pivot_target,q4_ge_10pct,7,0.8571428571428571,1.3029857142857144,9.1209
williams_r_oversold,r_multiple_2r,q4_ge_10pct,7,0.2857142857142857,-0.616257142857143,-4.3138000000000005
williams_r_oversold,r_multiple_3r,q4_ge_10pct,7,0.2857142857142857,-0.07582857142857133,-0.5307999999999993
williams_r_oversold,regime_flip,q4_ge_10pct,7,0.7142857142857143,-0.1527428571428572,-1.0692000000000004
williams_r_oversold,reverse_signal,q4_ge_10pct,7,0.8571428571428571,0.8933857142857143,6.2537
williams_r_oversold,smart_money_reversal,q4_ge_10pct,7,0.0,-1.7702000000000002,-12.3914
williams_r_oversold,smc_mitigation_zone,q4_ge_10pct,7,0.14285714285714285,-0.4894428571428571,-3.4261
williams_r_oversold,time_stop_10d,q4_ge_10pct,7,0.7142857142857143,0.7607142857142858,5.325
williams_r_oversold,time_stop_20d,q4_ge_10pct,7,0.7142857142857143,-0.1527428571428572,-1.0692000000000004
williams_r_oversold,trailing_10pct,q4_ge_10pct,7,0.7142857142857143,3.8508,26.9556
williams_r_oversold,trailing_15pct,q4_ge_10pct,7,0.7142857142857143,2.816171428571429,19.713200000000004
williams_r_oversold,trailing_5pct,q4_ge_10pct,7,0.8571428571428571,4.613714285714286,32.296
