strategy,exit_method,news_sentiment_shift_during_hold,n,win_rate,avg_pnl_pct,total_pnl_pct
bollinger_lower,atr_trail_1x,high_gt_20,7,0.2857142857142857,0.06822857142857137,0.4775999999999996
bollinger_lower,atr_trail_1x,low_1_5,6,0.0,-5.28985,-31.7391
bollinger_lower,atr_trail_1x,mid_6_20,8,0.375,0.08391250000000006,0.6713000000000005
bollinger_lower,atr_trail_1x,none,4,0.5,-2.5643499999999997,-10.257399999999999
bollinger_lower,atr_trail_2x,high_gt_20,7,0.42857142857142855,2.7041571428571425,18.9291
bollinger_lower,atr_trail_2x,low_1_5,6,0.3333333333333333,-5.122866666666666,-30.737199999999998
bollinger_lower,atr_trail_2x,mid_6_20,8,0.5,11.7884125,94.3073
bollinger_lower,atr_trail_2x,none,4,0.0,-8.6052,-34.4208
bollinger_lower,break_even_at_1r,high_gt_20,7,0.14285714285714285,3.0069142857142857,21.0484
bollinger_lower,break_even_at_1r,low_1_5,6,0.0,-4.7249,-28.3494
bollinger_lower,break_even_at_1r,mid_6_20,8,0.125,11.0118625,88.0949
bollinger_lower,break_even_at_1r,none,4,0.0,-3.993525,-15.9741
bollinger_lower,breakeven_plus_trail,high_gt_20,7,0.42857142857142855,7.3457,51.4199
bollinger_lower,breakeven_plus_trail,low_1_5,6,0.5,0.48563333333333364,2.913800000000002
bollinger_lower,breakeven_plus_trail,mid_6_20,8,0.5,21.084024999999997,168.67219999999998
bollinger_lower,breakeven_plus_trail,none,4,0.25,-6.2280500000000005,-24.912200000000002
bollinger_lower,class_time_stop,high_gt_20,7,0.5714285714285714,7.379114285714286,51.653800000000004
bollinger_lower,class_time_stop,low_1_5,6,0.6666666666666666,21.73261666666667,130.3957
bollinger_lower,class_time_stop,mid_6_20,8,0.5,14.6966125,117.5729
bollinger_lower,class_time_stop,none,4,0.25,-9.999675,-39.9987
bollinger_lower,earnings_blackout,high_gt_20,7,0.7142857142857143,310.5960999999999,2174.1726999999996
bollinger_lower,earnings_blackout,low_1_5,6,0.6666666666666666,13.92988333333333,83.57929999999998
bollinger_lower,earnings_blackout,mid_6_20,8,0.875,58.1012,464.8096
bollinger_lower,earnings_blackout,none,4,0.75,72.30760000000001,289.23040000000003
bollinger_lower,fixed_4r_2r,high_gt_20,7,0.5714285714285714,7.740642857142857,54.1845
bollinger_lower,fixed_4r_2r,low_1_5,6,0.3333333333333333,-7.751866666666667,-46.5112
bollinger_lower,fixed_4r_2r,mid_6_20,8,0.375,1.1748124999999998,9.398499999999999
bollinger_lower,fixed_4r_2r,none,4,0.0,-13.603425000000001,-54.413700000000006
bollinger_lower,hybrid_50pct_target,high_gt_20,7,0.7142857142857143,5.46712857142857,38.26989999999999
bollinger_lower,hybrid_50pct_target,low_1_5,6,0.6666666666666666,10.185233333333334,61.1114
bollinger_lower,hybrid_50pct_target,mid_6_20,8,0.625,9.0524375,72.4195
bollinger_lower,hybrid_50pct_target,none,4,0.25,-4.6116,-18.4464
bollinger_lower,ma_exit_ema9,high_gt_20,7,0.2857142857142857,-0.41974285714285714,-2.9382
bollinger_lower,ma_exit_ema9,low_1_5,6,0.3333333333333333,-1.6083666666666667,-9.6502
bollinger_lower,ma_exit_ema9,mid_6_20,8,0.5,-0.7537999999999998,-6.030399999999998
bollinger_lower,ma_exit_ema9,none,4,0.25,-0.7435,-2.974
bollinger_lower,next_pivot_target,high_gt_20,7,0.7142857142857143,0.23495714285714284,1.6446999999999998
bollinger_lower,next_pivot_target,low_1_5,6,0.3333333333333333,-5.284133333333333,-31.7048
bollinger_lower,next_pivot_target,mid_6_20,8,0.75,0.15463749999999987,1.237099999999999
bollinger_lower,next_pivot_target,none,4,0.25,-5.394825,-21.5793
bollinger_lower,r_multiple_2r,high_gt_20,7,0.5714285714285714,3.8703000000000003,27.092100000000002
bollinger_lower,r_multiple_2r,low_1_5,6,0.3333333333333333,1.634016666666667,9.804100000000002
bollinger_lower,r_multiple_2r,mid_6_20,8,0.375,-0.28759999999999986,-2.300799999999999
bollinger_lower,r_multiple_2r,none,4,0.0,-6.801725,-27.2069
bollinger_lower,r_multiple_3r,high_gt_20,7,0.5714285714285714,6.315942857142858,44.211600000000004
bollinger_lower,r_multiple_3r,low_1_5,6,0.3333333333333333,4.649016666666667,27.8941
bollinger_lower,r_multiple_3r,mid_6_20,8,0.25,-0.22568749999999982,-1.8054999999999986
bollinger_lower,r_multiple_3r,none,4,0.0,-6.801725,-27.2069
bollinger_lower,regime_flip,high_gt_20,7,0.5714285714285714,4.655,32.585
bollinger_lower,regime_flip,low_1_5,6,0.8333333333333334,12.010900000000001,72.06540000000001
bollinger_lower,regime_flip,mid_6_20,8,0.625,14.2745,114.196
bollinger_lower,regime_flip,none,4,0.5,-6.11735,-24.4694
bollinger_lower,time_stop_10d,high_gt_20,7,0.7142857142857143,2.9106285714285716,20.3744
bollinger_lower,time_stop_10d,low_1_5,6,0.5,-0.6592333333333333,-3.9554
bollinger_lower,time_stop_10d,mid_6_20,8,0.5,0.5518624999999999,4.414899999999999
bollinger_lower,time_stop_10d,none,4,0.25,-4.573025,-18.2921
bollinger_lower,time_stop_20d,high_gt_20,7,0.5714285714285714,4.655,32.585
bollinger_lower,time_stop_20d,low_1_5,6,0.8333333333333334,12.010900000000001,72.06540000000001
bollinger_lower,time_stop_20d,mid_6_20,8,0.625,14.2745,114.196
bollinger_lower,time_stop_20d,none,4,0.5,-6.11735,-24.4694
bollinger_lower,trailing_10pct,high_gt_20,7,0.7142857142857143,6.110114285714286,42.7708
bollinger_lower,trailing_10pct,low_1_5,6,0.3333333333333333,-2.8584999999999994,-17.150999999999996
bollinger_lower,trailing_10pct,mid_6_20,8,0.375,13.3341625,106.6733
bollinger_lower,trailing_10pct,none,4,0.0,-6.109500000000001,-24.438000000000002
bollinger_lower,trailing_15pct,high_gt_20,7,0.5714285714285714,7.8731428571428586,55.11200000000001
bollinger_lower,trailing_15pct,low_1_5,6,0.3333333333333333,-1.7725166666666665,-10.6351
bollinger_lower,trailing_15pct,mid_6_20,8,0.375,14.0865125,112.6921
bollinger_lower,trailing_15pct,none,4,0.25,-8.439475,-33.7579
bollinger_lower,trailing_5pct,high_gt_20,7,0.2857142857142857,0.4636857142857144,3.245800000000001
bollinger_lower,trailing_5pct,low_1_5,6,0.3333333333333333,-1.3389999999999997,-8.033999999999999
bollinger_lower,trailing_5pct,mid_6_20,8,0.5,0.6628750000000002,5.303000000000002
bollinger_lower,trailing_5pct,none,4,0.25,-2.48615,-9.9446
bollinger_tight,atr_trail_1x,high_gt_20,9,0.2222222222222222,-1.5394222222222222,-13.854800000000001
bollinger_tight,atr_trail_1x,low_1_5,8,0.125,-3.1088625,-24.8709
bollinger_tight,atr_trail_1x,mid_6_20,9,0.3333333333333333,-0.48474444444444437,-4.362699999999999
bollinger_tight,atr_trail_1x,none,9,0.3333333333333333,-6.707822222222222,-60.3704
bollinger_tight,atr_trail_2x,high_gt_20,9,0.4444444444444444,0.7434222222222221,6.6907999999999985
bollinger_tight,atr_trail_2x,low_1_5,8,0.25,-3.1706625,-25.3653
bollinger_tight,atr_trail_2x,mid_6_20,9,0.3333333333333333,-1.3367333333333333,-12.0306
bollinger_tight,atr_trail_2x,none,9,0.2222222222222222,-8.566588888888889,-77.0993
bollinger_tight,break_even_at_1r,high_gt_20,9,0.1111111111111111,-2.196922222222222,-19.7723
bollinger_tight,break_even_at_1r,low_1_5,8,0.25,-2.1874000000000002,-17.499200000000002
bollinger_tight,break_even_at_1r,mid_6_20,9,0.2222222222222222,1.4806444444444447,13.325800000000001
bollinger_tight,break_even_at_1r,none,9,0.0,-7.851544444444444,-70.6639
bollinger_tight,breakeven_plus_trail,high_gt_20,9,0.4444444444444444,1.3434555555555554,12.091099999999999
bollinger_tight,breakeven_plus_trail,low_1_5,8,0.375,-2.91735,-23.3388
bollinger_tight,breakeven_plus_trail,mid_6_20,9,0.3333333333333333,-0.1302999999999999,-1.172699999999999
bollinger_tight,breakeven_plus_trail,none,9,0.4444444444444444,6.0275444444444455,54.24790000000001
bollinger_tight,class_time_stop,high_gt_20,9,0.5555555555555556,-0.2855333333333333,-2.5698
bollinger_tight,class_time_stop,low_1_5,8,0.375,-10.828225,-86.6258
bollinger_tight,class_time_stop,mid_6_20,9,0.5555555555555556,-0.6281333333333334,-5.653200000000001
bollinger_tight,class_time_stop,none,9,0.3333333333333333,-2.7608111111111113,-24.8473
bollinger_tight,earnings_blackout,high_gt_20,9,0.8888888888888888,176.67275555555557,1590.0548000000001
bollinger_tight,earnings_blackout,low_1_5,8,0.625,329.7239875,2637.7919
bollinger_tight,earnings_blackout,mid_6_20,9,0.5555555555555556,49.794755555555554,448.1528
bollinger_tight,earnings_blackout,none,9,0.4444444444444444,35.99948888888889,323.9954
bollinger_tight,fixed_4r_2r,high_gt_20,9,0.3333333333333333,-2.3836,-21.4524
bollinger_tight,fixed_4r_2r,low_1_5,8,0.375,-3.3761875,-27.0095
bollinger_tight,fixed_4r_2r,mid_6_20,9,0.3333333333333333,-1.9125555555555556,-17.213
bollinger_tight,fixed_4r_2r,none,9,0.2222222222222222,-4.982966666666666,-44.8467
bollinger_tight,hybrid_50pct_target,high_gt_20,9,0.6666666666666666,3.288388888888889,29.5955
bollinger_tight,hybrid_50pct_target,low_1_5,8,0.375,-3.49665,-27.9732
bollinger_tight,hybrid_50pct_target,mid_6_20,9,0.3333333333333333,-3.7926888888888888,-34.1342
bollinger_tight,hybrid_50pct_target,none,9,0.2222222222222222,-3.8900555555555556,-35.0105
bollinger_tight,ma_exit_ema9,high_gt_20,9,0.6666666666666666,0.9780777777777779,8.802700000000002
bollinger_tight,ma_exit_ema9,low_1_5,8,0.5,0.9498375,7.5987
bollinger_tight,ma_exit_ema9,mid_6_20,9,0.6666666666666666,0.46162222222222227,4.1546
bollinger_tight,ma_exit_ema9,none,9,0.5555555555555556,-0.6426555555555556,-5.783900000000001
bollinger_tight,next_pivot_target,high_gt_20,9,1.0,2.718522222222222,24.4667
bollinger_tight,next_pivot_target,low_1_5,8,0.5,-4.2289,-33.8312
bollinger_tight,next_pivot_target,mid_6_20,9,0.7777777777777778,-0.2679222222222223,-2.4113000000000007
bollinger_tight,next_pivot_target,none,9,0.5555555555555556,-5.194722222222222,-46.7525
bollinger_tight,r_multiple_2r,high_gt_20,9,0.3333333333333333,1.079011111111111,9.711099999999998
bollinger_tight,r_multiple_2r,low_1_5,8,0.25,-2.4718,-19.7744
bollinger_tight,r_multiple_2r,mid_6_20,9,0.4444444444444444,1.2744,11.4696
bollinger_tight,r_multiple_2r,none,9,0.3333333333333333,-5.904588888888889,-53.1413
bollinger_tight,r_multiple_3r,high_gt_20,9,0.2222222222222222,-0.3412222222222221,-3.070999999999999
bollinger_tight,r_multiple_3r,low_1_5,8,0.25,-1.8670625,-14.9365
bollinger_tight,r_multiple_3r,mid_6_20,9,0.2222222222222222,-1.0340444444444445,-9.306400000000002
bollinger_tight,r_multiple_3r,none,9,0.1111111111111111,-6.643177777777778,-59.7886
bollinger_tight,regime_flip,high_gt_20,9,0.7777777777777778,3.0958222222222225,27.8624
bollinger_tight,regime_flip,low_1_5,8,0.5,-5.3025,-42.42
bollinger_tight,regime_flip,mid_6_20,9,0.6666666666666666,1.3314,11.9826
bollinger_tight,regime_flip,none,9,0.4444444444444444,-5.31018888888889,-47.791700000000006
bollinger_tight,time_stop_10d,high_gt_20,9,0.4444444444444444,1.1143666666666667,10.029300000000001
bollinger_tight,time_stop_10d,low_1_5,8,0.375,-3.7112625,-29.6901
bollinger_tight,time_stop_10d,mid_6_20,9,0.4444444444444444,-1.2801999999999998,-11.521799999999999
bollinger_tight,time_stop_10d,none,9,0.6666666666666666,0.10281111111111071,0.9252999999999965
bollinger_tight,time_stop_20d,high_gt_20,9,0.7777777777777778,3.0958222222222225,27.8624
bollinger_tight,time_stop_20d,low_1_5,8,0.5,-5.3025,-42.42
bollinger_tight,time_stop_20d,mid_6_20,9,0.6666666666666666,1.3314,11.9826
bollinger_tight,time_stop_20d,none,9,0.4444444444444444,-5.31018888888889,-47.791700000000006
bollinger_tight,trailing_10pct,high_gt_20,9,0.5555555555555556,1.6407555555555555,14.7668
bollinger_tight,trailing_10pct,low_1_5,8,0.375,-2.233675,-17.8694
bollinger_tight,trailing_10pct,mid_6_20,9,0.3333333333333333,-1.0363555555555555,-9.3272
bollinger_tight,trailing_10pct,none,9,0.0,-10.407244444444444,-93.6652
bollinger_tight,trailing_15pct,high_gt_20,9,0.3333333333333333,-2.807533333333333,-25.267799999999998
bollinger_tight,trailing_15pct,low_1_5,8,0.25,-7.4481125,-59.5849
bollinger_tight,trailing_15pct,mid_6_20,9,0.1111111111111111,-2.8526555555555557,-25.6739
bollinger_tight,trailing_15pct,none,9,0.1111111111111111,-7.33731111111111,-66.0358
bollinger_tight,trailing_5pct,high_gt_20,9,0.0,-3.025511111111111,-27.229599999999998
bollinger_tight,trailing_5pct,low_1_5,8,0.25,-0.6963624999999999,-5.570899999999999
bollinger_tight,trailing_5pct,mid_6_20,9,0.3333333333333333,-0.4542444444444445,-4.0882000000000005
bollinger_tight,trailing_5pct,none,9,0.3333333333333333,-2.0789666666666666,-18.7107
cmf_flip,atr_trail_1x,high_gt_20,2,0.0,-2.4676,-4.9352
cmf_flip,atr_trail_1x,low_1_5,1,1.0,0.8001,0.8001
cmf_flip,atr_trail_1x,mid_6_20,1,0.0,-0.118,-0.118
cmf_flip,atr_trail_1x,none,1,0.0,-5.2426,-5.2426
cmf_flip,atr_trail_2x,high_gt_20,2,0.5,-0.10070000000000023,-0.20140000000000047
cmf_flip,atr_trail_2x,low_1_5,1,0.0,-2.2135,-2.2135
cmf_flip,atr_trail_2x,mid_6_20,1,1.0,4.5594,4.5594
cmf_flip,atr_trail_2x,none,1,0.0,-2.9124,-2.9124
cmf_flip,break_even_at_1r,high_gt_20,2,0.0,-3.01545,-6.0309
cmf_flip,break_even_at_1r,low_1_5,1,0.0,0.0,0.0
cmf_flip,break_even_at_1r,mid_6_20,1,0.0,-0.118,-0.118
cmf_flip,break_even_at_1r,none,1,0.0,-5.2426,-5.2426
cmf_flip,breakeven_plus_trail,high_gt_20,2,0.5,2.8656,5.7312
cmf_flip,breakeven_plus_trail,low_1_5,1,0.0,0.0,0.0
cmf_flip,breakeven_plus_trail,mid_6_20,1,0.0,0.0,0.0
cmf_flip,breakeven_plus_trail,none,1,0.0,0.0,0.0
cmf_flip,class_time_stop,high_gt_20,2,1.0,6.33765,12.6753
cmf_flip,class_time_stop,low_1_5,1,0.0,-18.8582,-18.8582
cmf_flip,class_time_stop,mid_6_20,1,0.0,-0.4225,-0.4225
cmf_flip,class_time_stop,none,1,0.0,-14.6591,-14.6591
cmf_flip,earnings_blackout,high_gt_20,2,1.0,51.8212,103.6424
cmf_flip,earnings_blackout,low_1_5,1,1.0,60.8099,60.8099
cmf_flip,earnings_blackout,mid_6_20,1,1.0,24.3957,24.3957
cmf_flip,earnings_blackout,none,1,1.0,74.6653,74.6653
cmf_flip,fixed_4r_2r,high_gt_20,2,0.5,3.351,6.702
cmf_flip,fixed_4r_2r,low_1_5,1,0.0,-7.4896,-7.4896
cmf_flip,fixed_4r_2r,mid_6_20,1,1.0,9.973,9.973
cmf_flip,fixed_4r_2r,none,1,0.0,-10.4851,-10.4851
cmf_flip,hybrid_50pct_target,high_gt_20,2,1.0,5.9559999999999995,11.911999999999999
cmf_flip,hybrid_50pct_target,low_1_5,1,0.0,-10.0,-10.0
cmf_flip,hybrid_50pct_target,mid_6_20,1,1.0,3.7399,3.7399
cmf_flip,hybrid_50pct_target,none,1,0.0,-10.0,-10.0
cmf_flip,ma_exit_ema9,high_gt_20,2,0.0,-1.1207500000000001,-2.2415000000000003
cmf_flip,ma_exit_ema9,low_1_5,1,1.0,1.3645,1.3645
cmf_flip,ma_exit_ema9,mid_6_20,1,1.0,5.5917,5.5917
cmf_flip,ma_exit_ema9,none,1,0.0,-1.7562,-1.7562
cmf_flip,next_pivot_target,high_gt_20,2,1.0,4.71955,9.4391
cmf_flip,next_pivot_target,low_1_5,1,1.0,3.6219,3.6219
cmf_flip,next_pivot_target,mid_6_20,1,1.0,3.4852,3.4852
cmf_flip,next_pivot_target,none,1,1.0,2.1697,2.1697
cmf_flip,r_multiple_2r,high_gt_20,2,0.0,-3.01545,-6.0309
cmf_flip,r_multiple_2r,low_1_5,1,0.0,-3.7448,-3.7448
cmf_flip,r_multiple_2r,mid_6_20,1,1.0,4.9865,4.9865
cmf_flip,r_multiple_2r,none,1,0.0,-5.2426,-5.2426
cmf_flip,r_multiple_3r,high_gt_20,2,0.0,-3.01545,-6.0309
cmf_flip,r_multiple_3r,low_1_5,1,0.0,-3.7448,-3.7448
cmf_flip,r_multiple_3r,mid_6_20,1,1.0,7.4797,7.4797
cmf_flip,r_multiple_3r,none,1,0.0,-5.2426,-5.2426
cmf_flip,regime_flip,high_gt_20,2,1.0,5.06705,10.1341
cmf_flip,regime_flip,low_1_5,1,0.0,-11.1454,-11.1454
cmf_flip,regime_flip,mid_6_20,1,1.0,6.2008,6.2008
cmf_flip,regime_flip,none,1,0.0,-14.356,-14.356
cmf_flip,time_stop_10d,high_gt_20,2,0.5,3.0309000000000004,6.061800000000001
cmf_flip,time_stop_10d,low_1_5,1,0.0,-5.5645,-5.5645
cmf_flip,time_stop_10d,mid_6_20,1,1.0,5.8201,5.8201
cmf_flip,time_stop_10d,none,1,1.0,5.5179,5.5179
cmf_flip,time_stop_20d,high_gt_20,2,1.0,5.06705,10.1341
cmf_flip,time_stop_20d,low_1_5,1,0.0,-11.1454,-11.1454
cmf_flip,time_stop_20d,mid_6_20,1,1.0,6.2008,6.2008
cmf_flip,time_stop_20d,none,1,0.0,-14.356,-14.356
cmf_flip,trailing_10pct,high_gt_20,2,0.5,2.24915,4.4983
cmf_flip,trailing_10pct,low_1_5,1,0.0,-5.7244,-5.7244
cmf_flip,trailing_10pct,mid_6_20,1,0.0,-0.925,-0.925
cmf_flip,trailing_10pct,none,1,0.0,-4.8,-4.8
cmf_flip,trailing_15pct,high_gt_20,2,0.0,-0.1538,-0.3076
cmf_flip,trailing_15pct,low_1_5,1,0.0,-10.962,-10.962
cmf_flip,trailing_15pct,mid_6_20,1,1.0,0.7956,0.7956
cmf_flip,trailing_15pct,none,1,0.0,-10.0889,-10.0889
cmf_flip,trailing_5pct,high_gt_20,2,0.0,-4.35945,-8.7189
cmf_flip,trailing_5pct,low_1_5,1,0.0,-0.4869,-0.4869
cmf_flip,trailing_5pct,mid_6_20,1,1.0,2.2649,2.2649
cmf_flip,trailing_5pct,none,1,0.0,-5.0,-5.0
cpr_narrow_bullish,atr_trail_1x,high_gt_20,16,0.125,-1.8677625,-29.8842
cpr_narrow_bullish,atr_trail_1x,low_1_5,27,0.2222222222222222,-1.9825037037037037,-53.5276
cpr_narrow_bullish,atr_trail_1x,mid_6_20,26,0.15384615384615385,-1.7365692307692306,-45.1508
cpr_narrow_bullish,atr_trail_1x,none,9,0.2222222222222222,-3.9837888888888884,-35.854099999999995
cpr_narrow_bullish,atr_trail_2x,high_gt_20,16,0.25,-2.1381312500000003,-34.210100000000004
cpr_narrow_bullish,atr_trail_2x,low_1_5,27,0.25925925925925924,-1.8743074074074073,-50.6063
cpr_narrow_bullish,atr_trail_2x,mid_6_20,26,0.34615384615384615,-0.7573423076923077,-19.6909
cpr_narrow_bullish,atr_trail_2x,none,9,0.1111111111111111,-6.382811111111112,-57.4453
cpr_narrow_bullish,break_even_at_1r,high_gt_20,16,0.0625,-1.6621,-26.5936
cpr_narrow_bullish,break_even_at_1r,low_1_5,27,0.037037037037037035,-2.417451851851852,-65.27120000000001
cpr_narrow_bullish,break_even_at_1r,mid_6_20,26,0.07692307692307693,-1.217626923076923,-31.658299999999997
cpr_narrow_bullish,break_even_at_1r,none,9,0.1111111111111111,-2.8365555555555555,-25.529
cpr_narrow_bullish,breakeven_plus_trail,high_gt_20,16,0.25,-0.923975,-14.7836
cpr_narrow_bullish,breakeven_plus_trail,low_1_5,27,0.2222222222222222,-0.7428444444444445,-20.056800000000003
cpr_narrow_bullish,breakeven_plus_trail,mid_6_20,26,0.19230769230769232,0.470796153846154,12.240700000000004
cpr_narrow_bullish,breakeven_plus_trail,none,9,0.2222222222222222,-1.4153333333333333,-12.738
cpr_narrow_bullish,class_time_stop,high_gt_20,16,0.625,1.9867937500000001,31.788700000000002
cpr_narrow_bullish,class_time_stop,low_1_5,27,0.4074074074074074,-0.592655555555556,-16.001700000000014
cpr_narrow_bullish,class_time_stop,mid_6_20,26,0.34615384615384615,-2.5094153846153846,-65.2448
cpr_narrow_bullish,class_time_stop,none,9,0.4444444444444444,-4.602766666666667,-41.4249
cpr_narrow_bullish,earnings_blackout,high_gt_20,16,0.75,97.26049375000001,1556.1679000000001
cpr_narrow_bullish,earnings_blackout,low_1_5,27,0.5185185185185185,3.415996296296297,92.23190000000002
cpr_narrow_bullish,earnings_blackout,mid_6_20,26,0.6538461538461539,19.49574230769231,506.88930000000005
cpr_narrow_bullish,earnings_blackout,none,9,0.6666666666666666,56.46965555555555,508.22689999999994
cpr_narrow_bullish,fixed_4r_2r,high_gt_20,16,0.1875,-2.6597999999999997,-42.556799999999996
cpr_narrow_bullish,fixed_4r_2r,low_1_5,27,0.4444444444444444,2.374337037037037,64.1071
cpr_narrow_bullish,fixed_4r_2r,mid_6_20,26,0.34615384615384615,-0.20038461538461536,-5.209999999999999
cpr_narrow_bullish,fixed_4r_2r,none,9,0.3333333333333333,-0.5658444444444447,-5.092600000000003
cpr_narrow_bullish,hybrid_50pct_target,high_gt_20,16,0.75,2.19910625,35.1857
cpr_narrow_bullish,hybrid_50pct_target,low_1_5,27,0.6296296296296297,3.5764444444444443,96.564
cpr_narrow_bullish,hybrid_50pct_target,mid_6_20,26,0.5769230769230769,-1.505738461538462,-39.14920000000001
cpr_narrow_bullish,hybrid_50pct_target,none,9,0.6666666666666666,7.562166666666666,68.0595
cpr_narrow_bullish,ma_exit_ema9,high_gt_20,16,0.125,-1.7265375,-27.6246
cpr_narrow_bullish,ma_exit_ema9,low_1_5,27,0.2222222222222222,-0.9785148148148147,-26.4199
cpr_narrow_bullish,ma_exit_ema9,mid_6_20,26,0.15384615384615385,-0.8225230769230768,-21.385599999999997
cpr_narrow_bullish,ma_exit_ema9,none,9,0.3333333333333333,-2.5381,-22.8429
cpr_narrow_bullish,next_pivot_target,high_gt_20,16,0.75,-0.8505874999999999,-13.609399999999999
cpr_narrow_bullish,next_pivot_target,low_1_5,27,0.7037037037037037,0.9855925925925926,26.611
cpr_narrow_bullish,next_pivot_target,mid_6_20,26,0.8076923076923077,0.37262692307692313,9.688300000000002
cpr_narrow_bullish,next_pivot_target,none,9,0.4444444444444444,-3.0734222222222223,-27.660800000000002
cpr_narrow_bullish,r_multiple_2r,high_gt_20,16,0.125,-1.2130375,-19.4086
cpr_narrow_bullish,r_multiple_2r,low_1_5,27,0.2222222222222222,-1.6099851851851852,-43.4696
cpr_narrow_bullish,r_multiple_2r,mid_6_20,26,0.23076923076923078,-0.47433846153846154,-12.3328
cpr_narrow_bullish,r_multiple_2r,none,9,0.2222222222222222,-3.1185222222222224,-28.0667
cpr_narrow_bullish,r_multiple_3r,high_gt_20,16,0.125,-1.076325,-17.2212
cpr_narrow_bullish,r_multiple_3r,low_1_5,27,0.2222222222222222,-0.6946333333333333,-18.7551
cpr_narrow_bullish,r_multiple_3r,mid_6_20,26,0.07692307692307693,-1.8510423076923077,-48.1271
cpr_narrow_bullish,r_multiple_3r,none,9,0.1111111111111111,-3.3318,-29.9862
cpr_narrow_bullish,regime_flip,high_gt_20,16,0.6875,1.5710499999999998,25.136799999999997
cpr_narrow_bullish,regime_flip,low_1_5,27,0.4444444444444444,1.0247037037037041,27.66700000000001
cpr_narrow_bullish,regime_flip,mid_6_20,26,0.38461538461538464,-0.9909846153846151,-25.765599999999992
cpr_narrow_bullish,regime_flip,none,9,0.3333333333333333,-2.9087111111111112,-26.1784
cpr_narrow_bullish,time_stop_10d,high_gt_20,16,0.4375,-0.23533749999999992,-3.7653999999999987
cpr_narrow_bullish,time_stop_10d,low_1_5,27,0.5925925925925926,1.8561814814814812,50.116899999999994
cpr_narrow_bullish,time_stop_10d,mid_6_20,26,0.6923076923076923,1.7524576923076924,45.563900000000004
cpr_narrow_bullish,time_stop_10d,none,9,0.4444444444444444,-3.8196999999999997,-34.3773
cpr_narrow_bullish,time_stop_20d,high_gt_20,16,0.6875,1.5710499999999998,25.136799999999997
cpr_narrow_bullish,time_stop_20d,low_1_5,27,0.4444444444444444,1.0247037037037041,27.66700000000001
cpr_narrow_bullish,time_stop_20d,mid_6_20,26,0.38461538461538464,-0.9909846153846151,-25.765599999999992
cpr_narrow_bullish,time_stop_20d,none,9,0.3333333333333333,-2.9087111111111112,-26.1784
cpr_narrow_bullish,trailing_10pct,high_gt_20,16,0.5,0.5058562499999999,8.093699999999998
cpr_narrow_bullish,trailing_10pct,low_1_5,27,0.14814814814814814,-3.3093481481481484,-89.3524
cpr_narrow_bullish,trailing_10pct,mid_6_20,26,0.19230769230769232,-3.8366384615384614,-99.7526
cpr_narrow_bullish,trailing_10pct,none,9,0.2222222222222222,-2.9390777777777775,-26.4517
cpr_narrow_bullish,trailing_15pct,high_gt_20,16,0.3125,0.8688062500000002,13.900900000000004
cpr_narrow_bullish,trailing_15pct,low_1_5,27,0.3333333333333333,1.0832814814814815,29.2486
cpr_narrow_bullish,trailing_15pct,mid_6_20,26,0.4230769230769231,-1.2398384615384614,-32.2358
cpr_narrow_bullish,trailing_15pct,none,9,0.3333333333333333,-1.691122222222222,-15.220099999999999
cpr_narrow_bullish,trailing_5pct,high_gt_20,16,0.25,-1.7477,-27.9632
cpr_narrow_bullish,trailing_5pct,low_1_5,27,0.2222222222222222,-1.4697,-39.6819
cpr_narrow_bullish,trailing_5pct,mid_6_20,26,0.2692307692307692,-1.093319230769231,-28.426300000000005
cpr_narrow_bullish,trailing_5pct,none,9,0.1111111111111111,-3.280466666666667,-29.5242
hull_rsi,atr_trail_1x,high_gt_20,3,0.3333333333333333,-0.04983333333333325,-0.14949999999999974
hull_rsi,atr_trail_1x,low_1_5,4,0.25,-0.5476999999999999,-2.1907999999999994
hull_rsi,atr_trail_1x,mid_6_20,1,0.0,-0.3518,-0.3518
hull_rsi,atr_trail_1x,none,3,0.3333333333333333,20.641366666666666,61.924099999999996
hull_rsi,atr_trail_2x,high_gt_20,3,1.0,9.205666666666666,27.616999999999997
hull_rsi,atr_trail_2x,low_1_5,4,0.5,4.13955,16.5582
hull_rsi,atr_trail_2x,mid_6_20,1,1.0,0.7694,0.7694
hull_rsi,atr_trail_2x,none,3,0.6666666666666666,23.932100000000002,71.7963
hull_rsi,break_even_at_1r,high_gt_20,3,0.0,-32.7806,-98.3418
hull_rsi,break_even_at_1r,low_1_5,4,0.0,-2.570475,-10.2819
hull_rsi,break_even_at_1r,mid_6_20,1,0.0,-0.3518,-0.3518
hull_rsi,break_even_at_1r,none,3,0.3333333333333333,0.7669666666666668,2.3009000000000004
hull_rsi,breakeven_plus_trail,high_gt_20,3,0.3333333333333333,5.3969,16.1907
hull_rsi,breakeven_plus_trail,low_1_5,4,0.25,3.0528749999999993,12.211499999999997
hull_rsi,breakeven_plus_trail,mid_6_20,1,1.0,0.7694,0.7694
hull_rsi,breakeven_plus_trail,none,3,0.6666666666666666,3.8188999999999997,11.4567
hull_rsi,class_time_stop,high_gt_20,3,0.6666666666666666,3.2100666666666666,9.6302
hull_rsi,class_time_stop,low_1_5,4,0.5,0.999825,3.9993
hull_rsi,class_time_stop,mid_6_20,1,1.0,0.7694,0.7694
hull_rsi,class_time_stop,none,3,0.3333333333333333,14.2851,42.8553
hull_rsi,earnings_blackout,high_gt_20,3,0.6666666666666666,213.52169999999998,640.5650999999999
hull_rsi,earnings_blackout,low_1_5,4,1.0,20.862350000000003,83.44940000000001
hull_rsi,earnings_blackout,mid_6_20,1,1.0,0.7694,0.7694
hull_rsi,earnings_blackout,none,3,0.6666666666666666,81.83746666666666,245.51239999999999
hull_rsi,fixed_4r_2r,high_gt_20,3,0.6666666666666666,-22.890800000000002,-68.67240000000001
hull_rsi,fixed_4r_2r,low_1_5,4,0.5,2.023725,8.0949
hull_rsi,fixed_4r_2r,mid_6_20,1,1.0,0.7694,0.7694
hull_rsi,fixed_4r_2r,none,3,0.3333333333333333,4.634099999999999,13.902299999999999
hull_rsi,hybrid_50pct_target,high_gt_20,3,0.6666666666666666,13.059766666666667,39.1793
hull_rsi,hybrid_50pct_target,low_1_5,4,0.75,3.688975,14.7559
hull_rsi,hybrid_50pct_target,mid_6_20,1,1.0,0.9124,0.9124
hull_rsi,hybrid_50pct_target,none,3,0.6666666666666666,8.502066666666666,25.5062
hull_rsi,ma_exit_ema9,high_gt_20,3,0.6666666666666666,1.4781333333333333,4.4344
hull_rsi,ma_exit_ema9,low_1_5,4,0.25,1.48855,5.9542
hull_rsi,ma_exit_ema9,mid_6_20,1,0.0,-0.5577,-0.5577
hull_rsi,ma_exit_ema9,none,3,0.6666666666666666,0.8848666666666668,2.6546000000000003
hull_rsi,next_pivot_target,high_gt_20,3,1.0,0.7263000000000001,2.1789
hull_rsi,next_pivot_target,low_1_5,4,0.75,1.6950749999999997,6.780299999999999
hull_rsi,next_pivot_target,mid_6_20,1,1.0,0.4155,0.4155
hull_rsi,next_pivot_target,none,3,1.0,32.53236666666667,97.5971
hull_rsi,r_multiple_2r,high_gt_20,3,0.3333333333333333,-30.203600000000005,-90.61080000000001
hull_rsi,r_multiple_2r,low_1_5,4,0.5,0.14437499999999992,0.5774999999999997
hull_rsi,r_multiple_2r,mid_6_20,1,0.0,-0.3518,-0.3518
hull_rsi,r_multiple_2r,none,3,0.3333333333333333,1.3592666666666673,4.077800000000002
hull_rsi,r_multiple_3r,high_gt_20,3,0.3333333333333333,-28.9151,-86.7453
hull_rsi,r_multiple_3r,low_1_5,4,0.5,1.4860750000000003,5.944300000000001
hull_rsi,r_multiple_3r,mid_6_20,1,0.0,-0.3518,-0.3518
hull_rsi,r_multiple_3r,none,3,0.3333333333333333,4.577733333333334,13.733200000000002
hull_rsi,regime_flip,high_gt_20,3,1.0,4.657333333333334,13.972000000000001
hull_rsi,regime_flip,low_1_5,4,0.25,-2.3705750000000005,-9.482300000000002
hull_rsi,regime_flip,mid_6_20,1,1.0,0.8224,0.8224
hull_rsi,regime_flip,none,3,0.6666666666666666,8.6549,25.9647
hull_rsi,time_stop_10d,high_gt_20,3,1.0,3.6134,10.8402
hull_rsi,time_stop_10d,low_1_5,4,0.5,1.113275,4.4531
hull_rsi,time_stop_10d,mid_6_20,1,0.0,-0.2923,-0.2923
hull_rsi,time_stop_10d,none,3,0.6666666666666666,9.061266666666668,27.183800000000005
hull_rsi,time_stop_20d,high_gt_20,3,1.0,4.657333333333334,13.972000000000001
hull_rsi,time_stop_20d,low_1_5,4,0.25,-2.3705750000000005,-9.482300000000002
hull_rsi,time_stop_20d,mid_6_20,1,1.0,0.8224,0.8224
hull_rsi,time_stop_20d,none,3,0.6666666666666666,8.6549,25.9647
hull_rsi,trailing_10pct,high_gt_20,3,0.6666666666666666,-5.260533333333335,-15.781600000000005
hull_rsi,trailing_10pct,low_1_5,4,0.25,0.5815249999999994,2.3260999999999976
hull_rsi,trailing_10pct,mid_6_20,1,1.0,0.7694,0.7694
hull_rsi,trailing_10pct,none,3,0.3333333333333333,-4.019633333333334,-12.058900000000001
hull_rsi,trailing_15pct,high_gt_20,3,0.6666666666666666,-10.427966666666668,-31.283900000000003
hull_rsi,trailing_15pct,low_1_5,4,0.5,5.7696000000000005,23.078400000000002
hull_rsi,trailing_15pct,mid_6_20,1,1.0,0.7694,0.7694
hull_rsi,trailing_15pct,none,3,0.6666666666666666,4.804633333333334,14.413900000000002
hull_rsi,trailing_5pct,high_gt_20,3,0.6666666666666666,-29.5206,-88.5618
hull_rsi,trailing_5pct,low_1_5,4,0.75,0.11482499999999984,0.4592999999999994
hull_rsi,trailing_5pct,mid_6_20,1,1.0,0.7694,0.7694
hull_rsi,trailing_5pct,none,3,0.0,-4.6339,-13.9017
macd_crossover,atr_trail_1x,high_gt_20,4,0.0,-1.301225,-5.2049
macd_crossover,atr_trail_1x,low_1_5,2,0.0,-3.3202499999999997,-6.640499999999999
macd_crossover,atr_trail_1x,mid_6_20,1,0.0,-7.1885,-7.1885
macd_crossover,atr_trail_1x,none,1,0.0,-0.4261,-0.4261
macd_crossover,atr_trail_2x,high_gt_20,4,0.25,-1.7342250000000001,-6.9369000000000005
macd_crossover,atr_trail_2x,low_1_5,2,0.5,-0.58505,-1.1701
macd_crossover,atr_trail_2x,mid_6_20,1,1.0,14.4273,14.4273
macd_crossover,atr_trail_2x,none,1,1.0,4.9683,4.9683
macd_crossover,break_even_at_1r,high_gt_20,4,0.0,-0.661,-2.644
macd_crossover,break_even_at_1r,low_1_5,2,0.0,-3.0664,-6.1328
macd_crossover,break_even_at_1r,mid_6_20,1,0.0,-7.433,-7.433
macd_crossover,break_even_at_1r,none,1,0.0,0.0,0.0
macd_crossover,breakeven_plus_trail,high_gt_20,4,0.25,-3.5164500000000003,-14.065800000000001
macd_crossover,breakeven_plus_trail,low_1_5,2,0.0,0.0,0.0
macd_crossover,breakeven_plus_trail,mid_6_20,1,1.0,16.6632,16.6632
macd_crossover,breakeven_plus_trail,none,1,1.0,27.8821,27.8821
macd_crossover,class_time_stop,high_gt_20,4,0.25,-6.80095,-27.2038
macd_crossover,class_time_stop,low_1_5,2,0.5,3.7257500000000006,7.451500000000001
macd_crossover,class_time_stop,mid_6_20,1,0.0,-5.8865,-5.8865
macd_crossover,class_time_stop,none,1,1.0,7.0677,7.0677
macd_crossover,earnings_blackout,high_gt_20,4,0.5,-260.394075,-1041.5763
macd_crossover,earnings_blackout,low_1_5,2,1.0,108.5099,217.0198
macd_crossover,earnings_blackout,mid_6_20,1,1.0,17.4947,17.4947
macd_crossover,earnings_blackout,none,1,1.0,106.5572,106.5572
macd_crossover,fixed_4r_2r,high_gt_20,4,0.25,-1.9448250000000002,-7.779300000000001
macd_crossover,fixed_4r_2r,low_1_5,2,0.5,8.477599999999999,16.955199999999998
macd_crossover,fixed_4r_2r,mid_6_20,1,1.0,29.7318,29.7318
macd_crossover,fixed_4r_2r,none,1,1.0,12.7007,12.7007
macd_crossover,hybrid_50pct_target,high_gt_20,4,0.75,3.875725,15.5029
macd_crossover,hybrid_50pct_target,low_1_5,2,1.0,25.01305,50.0261
macd_crossover,hybrid_50pct_target,mid_6_20,1,1.0,19.481,19.481
macd_crossover,hybrid_50pct_target,none,1,1.0,10.0862,10.0862
macd_crossover,ma_exit_ema9,high_gt_20,4,0.25,1.0354750000000001,4.141900000000001
macd_crossover,ma_exit_ema9,low_1_5,2,0.0,-0.7099,-1.4198
macd_crossover,ma_exit_ema9,mid_6_20,1,0.0,-7.1085,-7.1085
macd_crossover,ma_exit_ema9,none,1,0.0,-1.6882,-1.6882
macd_crossover,next_pivot_target,high_gt_20,4,1.0,3.3628,13.4512
macd_crossover,next_pivot_target,low_1_5,2,0.5,-0.3668,-0.7336
macd_crossover,next_pivot_target,mid_6_20,1,1.0,1.9397,1.9397
macd_crossover,next_pivot_target,none,1,1.0,9.5255,9.5255
macd_crossover,r_multiple_2r,high_gt_20,4,0.25,-0.9724000000000002,-3.8896000000000006
macd_crossover,r_multiple_2r,low_1_5,2,0.0,-3.7736,-7.5472
macd_crossover,r_multiple_2r,mid_6_20,1,0.0,-7.433,-7.433
macd_crossover,r_multiple_2r,none,1,0.0,-3.1752,-3.1752
macd_crossover,r_multiple_3r,high_gt_20,4,0.25,-0.04547499999999988,-0.1818999999999995
macd_crossover,r_multiple_3r,low_1_5,2,0.0,-3.7736,-7.5472
macd_crossover,r_multiple_3r,mid_6_20,1,0.0,-7.433,-7.433
macd_crossover,r_multiple_3r,none,1,0.0,-3.1752,-3.1752
macd_crossover,regime_flip,high_gt_20,4,0.5,-3.9602000000000004,-15.840800000000002
macd_crossover,regime_flip,low_1_5,2,1.0,1.87445,3.7489
macd_crossover,regime_flip,mid_6_20,1,1.0,6.3243,6.3243
macd_crossover,regime_flip,none,1,1.0,7.0677,7.0677
macd_crossover,time_stop_10d,high_gt_20,4,0.5,2.09175,8.367
macd_crossover,time_stop_10d,low_1_5,2,0.5,1.6561500000000002,3.3123000000000005
macd_crossover,time_stop_10d,mid_6_20,1,1.0,9.3925,9.3925
macd_crossover,time_stop_10d,none,1,1.0,3.125,3.125
macd_crossover,time_stop_20d,high_gt_20,4,0.5,-3.9602000000000004,-15.840800000000002
macd_crossover,time_stop_20d,low_1_5,2,1.0,1.87445,3.7489
macd_crossover,time_stop_20d,mid_6_20,1,1.0,6.3243,6.3243
macd_crossover,time_stop_20d,none,1,1.0,7.0677,7.0677
macd_crossover,trailing_10pct,high_gt_20,4,0.25,-2.530575,-10.1223
macd_crossover,trailing_10pct,low_1_5,2,0.0,-4.7238500000000005,-9.447700000000001
macd_crossover,trailing_10pct,mid_6_20,1,1.0,16.6632,16.6632
macd_crossover,trailing_10pct,none,1,1.0,10.6469,10.6469
macd_crossover,trailing_15pct,high_gt_20,4,0.25,6.844975,27.3799
macd_crossover,trailing_15pct,low_1_5,2,1.0,30.9995,61.999
macd_crossover,trailing_15pct,mid_6_20,1,1.0,10.1819,10.1819
macd_crossover,trailing_15pct,none,1,1.0,20.7776,20.7776
macd_crossover,trailing_5pct,high_gt_20,4,0.5,-0.12935000000000008,-0.5174000000000003
macd_crossover,trailing_5pct,low_1_5,2,0.0,-3.8869499999999997,-7.773899999999999
macd_crossover,trailing_5pct,mid_6_20,1,0.0,-4.9813,-4.9813
macd_crossover,trailing_5pct,none,1,0.0,-2.1772,-2.1772
pivot_r1_breakout,atr_trail_1x,high_gt_20,3,0.0,-1.9418333333333333,-5.8255
pivot_r1_breakout,atr_trail_1x,low_1_5,4,0.25,-2.401625,-9.6065
pivot_r1_breakout,atr_trail_1x,mid_6_20,4,0.25,-3.261875,-13.0475
pivot_r1_breakout,atr_trail_1x,none,6,0.16666666666666666,-1.1217,-6.7302
pivot_r1_breakout,atr_trail_2x,high_gt_20,3,0.0,-3.3131000000000004,-9.939300000000001
pivot_r1_breakout,atr_trail_2x,low_1_5,4,0.0,-6.23525,-24.941
pivot_r1_breakout,atr_trail_2x,mid_6_20,4,0.75,5.297675,21.1907
pivot_r1_breakout,atr_trail_2x,none,6,0.16666666666666666,-0.64265,-3.8559
pivot_r1_breakout,break_even_at_1r,high_gt_20,3,0.0,-1.9418333333333333,-5.8255
pivot_r1_breakout,break_even_at_1r,low_1_5,4,0.0,-3.4569,-13.8276
pivot_r1_breakout,break_even_at_1r,mid_6_20,4,0.0,-3.263275,-13.0531
pivot_r1_breakout,break_even_at_1r,none,6,0.0,-1.3009333333333333,-7.8056
pivot_r1_breakout,breakeven_plus_trail,high_gt_20,3,0.0,0.0,0.0
pivot_r1_breakout,breakeven_plus_trail,low_1_5,4,0.5,8.11045,32.4418
pivot_r1_breakout,breakeven_plus_trail,mid_6_20,4,0.5,6.292675,25.1707
pivot_r1_breakout,breakeven_plus_trail,none,6,0.16666666666666666,5.858883333333334,35.1533
pivot_r1_breakout,class_time_stop,high_gt_20,3,0.6666666666666666,0.4160333333333333,1.2481
pivot_r1_breakout,class_time_stop,low_1_5,4,0.0,-12.341725,-49.3669
pivot_r1_breakout,class_time_stop,mid_6_20,4,0.75,7.486975,29.9479
pivot_r1_breakout,class_time_stop,none,6,0.3333333333333333,4.396349999999999,26.378099999999996
pivot_r1_breakout,earnings_blackout,high_gt_20,3,0.6666666666666666,16.866633333333336,50.599900000000005
pivot_r1_breakout,earnings_blackout,low_1_5,4,0.75,63.629825,254.5193
pivot_r1_breakout,earnings_blackout,mid_6_20,4,0.75,27.33355,109.3342
pivot_r1_breakout,earnings_blackout,none,6,0.3333333333333333,-0.3441666666666652,-2.064999999999991
pivot_r1_breakout,fixed_4r_2r,high_gt_20,3,0.0,-5.0026,-15.0078
pivot_r1_breakout,fixed_4r_2r,low_1_5,4,0.25,-3.6504,-14.6016
pivot_r1_breakout,fixed_4r_2r,mid_6_20,4,0.75,6.2574749999999995,25.029899999999998
pivot_r1_breakout,fixed_4r_2r,none,6,0.16666666666666666,-1.2524,-7.5144
pivot_r1_breakout,hybrid_50pct_target,high_gt_20,3,0.0,-10.0,-30.0
pivot_r1_breakout,hybrid_50pct_target,low_1_5,4,0.5,1.3756,5.5024
pivot_r1_breakout,hybrid_50pct_target,mid_6_20,4,0.75,4.201625,16.8065
pivot_r1_breakout,hybrid_50pct_target,none,6,0.3333333333333333,-1.5056833333333335,-9.0341
pivot_r1_breakout,ma_exit_ema9,high_gt_20,3,0.0,-3.7174666666666667,-11.1524
pivot_r1_breakout,ma_exit_ema9,low_1_5,4,0.25,-3.4617500000000003,-13.847000000000001
pivot_r1_breakout,ma_exit_ema9,mid_6_20,4,0.5,5.985,23.94
pivot_r1_breakout,ma_exit_ema9,none,6,0.3333333333333333,3.6856166666666668,22.1137
pivot_r1_breakout,next_pivot_target,high_gt_20,3,0.3333333333333333,-3.3681,-10.1043
pivot_r1_breakout,next_pivot_target,low_1_5,4,0.75,1.725275,6.9011
pivot_r1_breakout,next_pivot_target,mid_6_20,4,0.75,2.524475,10.0979
pivot_r1_breakout,next_pivot_target,none,6,0.3333333333333333,-1.4492666666666667,-8.6956
pivot_r1_breakout,r_multiple_2r,high_gt_20,3,0.0,-2.5013,-7.5039
pivot_r1_breakout,r_multiple_2r,low_1_5,4,0.25,-0.3748499999999999,-1.4993999999999996
pivot_r1_breakout,r_multiple_2r,mid_6_20,4,0.5,-0.6696500000000001,-2.6786000000000003
pivot_r1_breakout,r_multiple_2r,none,6,0.0,-3.3272666666666666,-19.9636
pivot_r1_breakout,r_multiple_3r,high_gt_20,3,0.0,-2.5013,-7.5039
pivot_r1_breakout,r_multiple_3r,low_1_5,4,0.0,-4.997925,-19.9917
pivot_r1_breakout,r_multiple_3r,mid_6_20,4,0.25,-1.431225,-5.7249
pivot_r1_breakout,r_multiple_3r,none,6,0.0,-3.3272666666666666,-19.9636
pivot_r1_breakout,regime_flip,high_gt_20,3,0.3333333333333333,0.3294000000000001,0.9882000000000002
pivot_r1_breakout,regime_flip,low_1_5,4,0.5,-9.1519,-36.6076
pivot_r1_breakout,regime_flip,mid_6_20,4,0.75,8.188025,32.7521
pivot_r1_breakout,regime_flip,none,6,0.3333333333333333,-0.5582166666666669,-3.3493000000000013
pivot_r1_breakout,time_stop_10d,high_gt_20,3,0.3333333333333333,0.06513333333333333,0.19540000000000002
pivot_r1_breakout,time_stop_10d,low_1_5,4,0.0,-1.886975,-7.5479
pivot_r1_breakout,time_stop_10d,mid_6_20,4,0.75,2.6150499999999997,10.460199999999999
pivot_r1_breakout,time_stop_10d,none,6,0.3333333333333333,0.6320000000000002,3.7920000000000016
pivot_r1_breakout,time_stop_20d,high_gt_20,3,0.3333333333333333,0.3294000000000001,0.9882000000000002
pivot_r1_breakout,time_stop_20d,low_1_5,4,0.5,-9.1519,-36.6076
pivot_r1_breakout,time_stop_20d,mid_6_20,4,0.75,8.188025,32.7521
pivot_r1_breakout,time_stop_20d,none,6,0.3333333333333333,-0.5582166666666669,-3.3493000000000013
pivot_r1_breakout,trailing_10pct,high_gt_20,3,0.0,-6.613833333333333,-19.8415
pivot_r1_breakout,trailing_10pct,low_1_5,4,0.75,4.888075000000001,19.552300000000002
pivot_r1_breakout,trailing_10pct,mid_6_20,4,0.75,5.6521,22.6084
pivot_r1_breakout,trailing_10pct,none,6,0.0,-7.602966666666667,-45.6178
pivot_r1_breakout,trailing_15pct,high_gt_20,3,0.0,-12.725966666666666,-38.1779
pivot_r1_breakout,trailing_15pct,low_1_5,4,0.5,12.653375,50.6135
pivot_r1_breakout,trailing_15pct,mid_6_20,4,0.75,8.831850000000001,35.327400000000004
pivot_r1_breakout,trailing_15pct,none,6,0.3333333333333333,-0.7368333333333329,-4.420999999999998
pivot_r1_breakout,trailing_5pct,high_gt_20,3,0.0,-4.349966666666667,-13.049900000000001
pivot_r1_breakout,trailing_5pct,low_1_5,4,0.25,-2.84915,-11.3966
pivot_r1_breakout,trailing_5pct,mid_6_20,4,0.25,-1.049725,-4.1989
pivot_r1_breakout,trailing_5pct,none,6,0.16666666666666666,-2.72845,-16.3707
pivot_r2_continuation,atr_trail_1x,low_1_5,3,0.6666666666666666,1.3383000000000003,4.014900000000001
pivot_r2_continuation,atr_trail_1x,mid_6_20,1,0.0,-1.5278,-1.5278
pivot_r2_continuation,atr_trail_1x,none,1,0.0,-0.1161,-0.1161
pivot_r2_continuation,atr_trail_2x,low_1_5,3,0.3333333333333333,0.6159333333333333,1.8477999999999999
pivot_r2_continuation,atr_trail_2x,mid_6_20,1,0.0,-0.1209,-0.1209
pivot_r2_continuation,atr_trail_2x,none,1,1.0,17.4835,17.4835
pivot_r2_continuation,break_even_at_1r,low_1_5,3,0.3333333333333333,1.4290666666666665,4.2871999999999995
pivot_r2_continuation,break_even_at_1r,mid_6_20,1,0.0,-0.1314,-0.1314
pivot_r2_continuation,break_even_at_1r,none,1,0.0,-0.1161,-0.1161
pivot_r2_continuation,breakeven_plus_trail,low_1_5,3,0.3333333333333333,1.0393333333333334,3.1180000000000003
pivot_r2_continuation,breakeven_plus_trail,mid_6_20,1,0.0,0.0,0.0
pivot_r2_continuation,breakeven_plus_trail,none,1,1.0,9.8157,9.8157
pivot_r2_continuation,class_time_stop,low_1_5,3,0.3333333333333333,-5.6019000000000005,-16.8057
pivot_r2_continuation,class_time_stop,mid_6_20,1,1.0,8.2222,8.2222
pivot_r2_continuation,class_time_stop,none,1,1.0,20.5946,20.5946
pivot_r2_continuation,earnings_blackout,low_1_5,3,0.6666666666666666,31.94416666666667,95.83250000000001
pivot_r2_continuation,earnings_blackout,mid_6_20,1,1.0,60.5474,60.5474
pivot_r2_continuation,earnings_blackout,none,1,1.0,15.5637,15.5637
pivot_r2_continuation,fixed_4r_2r,low_1_5,3,0.3333333333333333,4.943999999999999,14.831999999999997
pivot_r2_continuation,fixed_4r_2r,mid_6_20,1,1.0,6.1114,6.1114
pivot_r2_continuation,fixed_4r_2r,none,1,1.0,7.1078,7.1078
pivot_r2_continuation,hybrid_50pct_target,low_1_5,3,0.6666666666666666,1.4502333333333333,4.3507
pivot_r2_continuation,hybrid_50pct_target,mid_6_20,1,1.0,0.9875,0.9875
pivot_r2_continuation,hybrid_50pct_target,none,1,1.0,7.3468,7.3468
pivot_r2_continuation,ma_exit_ema9,low_1_5,3,0.3333333333333333,-0.12886666666666668,-0.38660000000000005
pivot_r2_continuation,ma_exit_ema9,mid_6_20,1,1.0,0.4736,0.4736
pivot_r2_continuation,ma_exit_ema9,none,1,1.0,18.2993,18.2993
pivot_r2_continuation,next_pivot_target,low_1_5,3,0.3333333333333333,3.084566666666666,9.253699999999998
pivot_r2_continuation,next_pivot_target,mid_6_20,1,1.0,0.1472,0.1472
pivot_r2_continuation,next_pivot_target,none,1,1.0,5.3309,5.3309
pivot_r2_continuation,r_multiple_2r,low_1_5,3,0.6666666666666666,4.8252,14.4756
pivot_r2_continuation,r_multiple_2r,mid_6_20,1,0.0,-1.5278,-1.5278
pivot_r2_continuation,r_multiple_2r,none,1,1.0,3.5539,3.5539
pivot_r2_continuation,r_multiple_3r,low_1_5,3,0.3333333333333333,4.3313999999999995,12.9942
pivot_r2_continuation,r_multiple_3r,mid_6_20,1,0.0,-1.5278,-1.5278
pivot_r2_continuation,r_multiple_3r,none,1,1.0,5.3309,5.3309
pivot_r2_continuation,regime_flip,low_1_5,3,0.3333333333333333,-3.2836,-9.8508
pivot_r2_continuation,regime_flip,mid_6_20,1,1.0,4.6504,4.6504
pivot_r2_continuation,regime_flip,none,1,1.0,13.407,13.407
pivot_r2_continuation,time_stop_10d,low_1_5,3,0.3333333333333333,-0.5688666666666666,-1.7066
pivot_r2_continuation,time_stop_10d,mid_6_20,1,1.0,2.0579,2.0579
pivot_r2_continuation,time_stop_10d,none,1,1.0,8.478,8.478
pivot_r2_continuation,time_stop_20d,low_1_5,3,0.3333333333333333,-3.2836,-9.8508
pivot_r2_continuation,time_stop_20d,mid_6_20,1,1.0,4.6504,4.6504
pivot_r2_continuation,time_stop_20d,none,1,1.0,13.407,13.407
pivot_r2_continuation,trailing_10pct,low_1_5,3,0.3333333333333333,-3.5882333333333336,-10.764700000000001
pivot_r2_continuation,trailing_10pct,mid_6_20,1,1.0,40.591,40.591
pivot_r2_continuation,trailing_10pct,none,1,1.0,9.3627,9.3627
pivot_r2_continuation,trailing_15pct,low_1_5,3,0.3333333333333333,-7.841733333333333,-23.525199999999998
pivot_r2_continuation,trailing_15pct,mid_6_20,1,1.0,32.7804,32.7804
pivot_r2_continuation,trailing_15pct,none,1,1.0,3.7148,3.7148
pivot_r2_continuation,trailing_5pct,low_1_5,3,0.3333333333333333,-0.7222333333333334,-2.1667
pivot_r2_continuation,trailing_5pct,mid_6_20,1,0.0,-2.0325,-2.0325
pivot_r2_continuation,trailing_5pct,none,1,1.0,15.9165,15.9165
stochrsi_oversold,atr_trail_1x,high_gt_20,4,0.5,-0.098225,-0.3929
stochrsi_oversold,atr_trail_1x,low_1_5,11,0.36363636363636365,-1.6318,-17.9498
stochrsi_oversold,atr_trail_1x,mid_6_20,4,0.25,-2.201225,-8.8049
stochrsi_oversold,atr_trail_1x,none,10,0.5,2.8272299999999997,28.272299999999998
stochrsi_oversold,atr_trail_2x,high_gt_20,4,0.5,-0.6211249999999999,-2.4844999999999997
stochrsi_oversold,atr_trail_2x,low_1_5,11,0.45454545454545453,-0.9197909090909089,-10.117699999999997
stochrsi_oversold,atr_trail_2x,mid_6_20,4,0.25,-1.246625,-4.9865
stochrsi_oversold,atr_trail_2x,none,10,0.4,1.28668,12.8668
stochrsi_oversold,break_even_at_1r,high_gt_20,4,0.25,0.6312249999999999,2.5248999999999997
stochrsi_oversold,break_even_at_1r,low_1_5,11,0.18181818181818182,-0.5301818181818182,-5.832000000000001
stochrsi_oversold,break_even_at_1r,mid_6_20,4,0.25,-2.1134500000000003,-8.453800000000001
stochrsi_oversold,break_even_at_1r,none,10,0.1,1.8148,18.148
stochrsi_oversold,breakeven_plus_trail,high_gt_20,4,0.5,2.899125,11.5965
stochrsi_oversold,breakeven_plus_trail,low_1_5,11,0.2727272727272727,1.797572727272727,19.7733
stochrsi_oversold,breakeven_plus_trail,mid_6_20,4,0.25,2.4652499999999997,9.860999999999999
stochrsi_oversold,breakeven_plus_trail,none,10,0.1,0.9696800000000003,9.696800000000003
stochrsi_oversold,class_time_stop,high_gt_20,4,0.75,3.59475,14.379
stochrsi_oversold,class_time_stop,low_1_5,11,0.5454545454545454,1.9721727272727272,21.6939
stochrsi_oversold,class_time_stop,mid_6_20,4,0.75,6.541625,26.1665
stochrsi_oversold,class_time_stop,none,10,0.5,-3.16233,-31.6233
stochrsi_oversold,earnings_blackout,high_gt_20,4,0.5,20.962625000000003,83.85050000000001
stochrsi_oversold,earnings_blackout,low_1_5,11,0.7272727272727273,69.74937272727273,767.2431
stochrsi_oversold,earnings_blackout,mid_6_20,4,0.75,59.394075,237.5763
stochrsi_oversold,earnings_blackout,none,10,0.7,19.07851,190.7851
stochrsi_oversold,fixed_4r_2r,high_gt_20,4,0.75,10.6783,42.7132
stochrsi_oversold,fixed_4r_2r,low_1_5,11,0.45454545454545453,7.6325090909090925,83.95760000000001
stochrsi_oversold,fixed_4r_2r,mid_6_20,4,0.25,0.43019999999999925,1.720799999999997
stochrsi_oversold,fixed_4r_2r,none,10,0.3,-2.0352199999999994,-20.352199999999993
stochrsi_oversold,hybrid_50pct_target,high_gt_20,4,0.75,4.459675000000001,17.838700000000003
stochrsi_oversold,hybrid_50pct_target,low_1_5,11,0.7272727272727273,6.899890909090908,75.8988
stochrsi_oversold,hybrid_50pct_target,mid_6_20,4,0.25,-2.1627,-8.6508
stochrsi_oversold,hybrid_50pct_target,none,10,0.3,-5.63899,-56.3899
stochrsi_oversold,ma_exit_ema9,high_gt_20,4,0.5,0.05627500000000002,0.22510000000000008
stochrsi_oversold,ma_exit_ema9,low_1_5,11,0.45454545454545453,-0.5836818181818182,-6.4205
stochrsi_oversold,ma_exit_ema9,mid_6_20,4,0.75,1.3572,5.4288
stochrsi_oversold,ma_exit_ema9,none,10,0.4,-0.36773,-3.6773000000000002
stochrsi_oversold,next_pivot_target,high_gt_20,4,1.0,3.0532,12.2128
stochrsi_oversold,next_pivot_target,low_1_5,11,0.8181818181818182,2.0605090909090906,22.665599999999998
stochrsi_oversold,next_pivot_target,mid_6_20,4,0.75,1.308225,5.2329
stochrsi_oversold,next_pivot_target,none,10,0.8,0.9707800000000001,9.7078
stochrsi_oversold,r_multiple_2r,high_gt_20,4,0.75,5.339124999999999,21.356499999999997
stochrsi_oversold,r_multiple_2r,low_1_5,11,0.45454545454545453,2.994036363636363,32.9344
stochrsi_oversold,r_multiple_2r,mid_6_20,4,0.25,0.21509999999999962,0.8603999999999985
stochrsi_oversold,r_multiple_2r,none,10,0.4,2.39553,23.9553
stochrsi_oversold,r_multiple_3r,high_gt_20,4,0.75,8.36195,33.4478
stochrsi_oversold,r_multiple_3r,low_1_5,11,0.2727272727272727,0.34856363636363596,3.8341999999999956
stochrsi_oversold,r_multiple_3r,mid_6_20,4,0.25,2.2559500000000003,9.023800000000001
stochrsi_oversold,r_multiple_3r,none,10,0.2,0.45296000000000036,4.529600000000004
stochrsi_oversold,regime_flip,high_gt_20,4,0.75,3.42775,13.711
stochrsi_oversold,regime_flip,low_1_5,11,0.8181818181818182,4.509772727272727,49.6075
stochrsi_oversold,regime_flip,mid_6_20,4,1.0,7.919175,31.6767
stochrsi_oversold,regime_flip,none,10,0.5,-1.2114500000000004,-12.114500000000003
stochrsi_oversold,time_stop_10d,high_gt_20,4,0.75,2.8275500000000005,11.310200000000002
stochrsi_oversold,time_stop_10d,low_1_5,11,0.6363636363636364,2.301045454545455,25.311500000000002
stochrsi_oversold,time_stop_10d,mid_6_20,4,0.75,1.680575,6.7223
stochrsi_oversold,time_stop_10d,none,10,0.5,-2.7611499999999998,-27.6115
stochrsi_oversold,time_stop_20d,high_gt_20,4,0.75,3.42775,13.711
stochrsi_oversold,time_stop_20d,low_1_5,11,0.8181818181818182,4.509772727272727,49.6075
stochrsi_oversold,time_stop_20d,mid_6_20,4,1.0,7.919175,31.6767
stochrsi_oversold,time_stop_20d,none,10,0.5,-1.2114500000000004,-12.114500000000003
stochrsi_oversold,trailing_10pct,high_gt_20,4,0.75,-1.33345,-5.3338
stochrsi_oversold,trailing_10pct,low_1_5,11,0.18181818181818182,-2.1556,-23.7116
stochrsi_oversold,trailing_10pct,mid_6_20,4,0.5,-1.4134749999999998,-5.653899999999999
stochrsi_oversold,trailing_10pct,none,10,0.3,-2.3573,-23.573
stochrsi_oversold,trailing_15pct,high_gt_20,4,0.25,-5.7696000000000005,-23.078400000000002
stochrsi_oversold,trailing_15pct,low_1_5,11,0.36363636363636365,-2.4120181818181816,-26.5322
stochrsi_oversold,trailing_15pct,mid_6_20,4,0.25,-1.6933500000000001,-6.7734000000000005
stochrsi_oversold,trailing_15pct,none,10,0.3,-6.1790199999999995,-61.7902
stochrsi_oversold,trailing_5pct,high_gt_20,4,0.5,-1.636975,-6.5479
stochrsi_oversold,trailing_5pct,low_1_5,11,0.36363636363636365,-0.7962,-8.7582
stochrsi_oversold,trailing_5pct,mid_6_20,4,0.5,-0.799825,-3.1993
stochrsi_oversold,trailing_5pct,none,10,0.4,-1.51145,-15.1145
williams_r_oversold,atr_trail_1x,low_1_5,4,0.25,-0.6315500000000001,-2.5262000000000002
williams_r_oversold,atr_trail_1x,mid_6_20,7,0.5714285714285714,0.8269714285714286,5.7888
williams_r_oversold,atr_trail_2x,low_1_5,4,0.75,4.5550749999999995,18.220299999999998
williams_r_oversold,atr_trail_2x,mid_6_20,7,0.42857142857142855,0.0710285714285716,0.4972000000000012
williams_r_oversold,break_even_at_1r,low_1_5,4,0.5,0.065025,0.2601
williams_r_oversold,break_even_at_1r,mid_6_20,7,0.14285714285714285,2.192657142857143,15.348600000000001
williams_r_oversold,breakeven_plus_trail,low_1_5,4,0.75,4.6941500000000005,18.776600000000002
williams_r_oversold,breakeven_plus_trail,mid_6_20,7,0.2857142857142857,2.6750000000000003,18.725
williams_r_oversold,class_time_stop,low_1_5,4,1.0,5.21585,20.8634
williams_r_oversold,class_time_stop,mid_6_20,7,0.5714285714285714,0.8430142857142856,5.9011
williams_r_oversold,earnings_blackout,low_1_5,4,0.5,-1.4159749999999995,-5.663899999999998
williams_r_oversold,earnings_blackout,mid_6_20,7,0.5714285714285714,23.626785714285713,165.3875
williams_r_oversold,fixed_4r_2r,low_1_5,4,0.75,8.2031,32.8124
williams_r_oversold,fixed_4r_2r,mid_6_20,7,0.42857142857142855,6.302157142857142,44.1151
williams_r_oversold,hybrid_50pct_target,low_1_5,4,0.5,0.4949500000000002,1.979800000000001
williams_r_oversold,hybrid_50pct_target,mid_6_20,7,0.5714285714285714,0.17248571428571452,1.2074000000000016
williams_r_oversold,ma_exit_ema9,low_1_5,4,0.25,-2.3046,-9.2184
williams_r_oversold,ma_exit_ema9,mid_6_20,7,0.42857142857142855,0.47774285714285714,3.3442
williams_r_oversold,next_pivot_target,low_1_5,4,1.0,6.9421,27.7684
williams_r_oversold,next_pivot_target,mid_6_20,7,0.8571428571428571,0.8960999999999999,6.2726999999999995
williams_r_oversold,r_multiple_2r,low_1_5,4,0.5,3.682624999999999,14.730499999999996
williams_r_oversold,r_multiple_2r,mid_6_20,7,0.42857142857142855,0.4961714285714289,3.473200000000002
williams_r_oversold,r_multiple_3r,low_1_5,4,0.5,3.2890749999999995,13.156299999999998
williams_r_oversold,r_multiple_3r,mid_6_20,7,0.42857142857142855,1.9433857142857143,13.6037
williams_r_oversold,regime_flip,low_1_5,4,1.0,7.731949999999999,30.927799999999998
williams_r_oversold,regime_flip,mid_6_20,7,0.7142857142857143,8.73937142857143,61.1756
williams_r_oversold,time_stop_10d,low_1_5,4,0.5,3.421175,13.6847
williams_r_oversold,time_stop_10d,mid_6_20,7,0.42857142857142855,0.9280857142857142,6.496599999999999
williams_r_oversold,time_stop_20d,low_1_5,4,1.0,7.731949999999999,30.927799999999998
williams_r_oversold,time_stop_20d,mid_6_20,7,0.7142857142857143,8.73937142857143,61.1756
williams_r_oversold,trailing_10pct,low_1_5,4,0.5,-1.7359,-6.9436
williams_r_oversold,trailing_10pct,mid_6_20,7,0.2857142857142857,-0.7049285714285712,-4.934499999999999
williams_r_oversold,trailing_15pct,low_1_5,4,0.25,0.46172500000000016,1.8469000000000007
williams_r_oversold,trailing_15pct,mid_6_20,7,0.2857142857142857,-2.199257142857143,-15.394799999999998
williams_r_oversold,trailing_5pct,low_1_5,4,0.25,-0.39070000000000005,-1.5628000000000002
williams_r_oversold,trailing_5pct,mid_6_20,7,0.7142857142857143,0.5596428571428572,3.9175000000000004
