strategy,exit_method,adv_bucket,n,win_rate,avg_pnl_pct,total_pnl_pct
bollinger_lower,atr_trail_1x,100_500M,63,0.2857142857142857,-0.7506238095238095,-47.2893
bollinger_lower,atr_trail_1x,25_100M,54,0.25925925925925924,-2.3406203703703703,-126.3935
bollinger_lower,atr_trail_1x,5_25M,37,0.21621621621621623,-0.7890459459459459,-29.194699999999997
bollinger_lower,atr_trail_1x,ge_500M,33,0.36363636363636365,1.1272151515151516,37.198100000000004
bollinger_lower,atr_trail_1x,lt_5M,3,0.3333333333333333,-3.6034333333333333,-10.8103
bollinger_lower,atr_trail_2x,100_500M,63,0.4444444444444444,2.116836507936508,133.3607
bollinger_lower,atr_trail_2x,25_100M,54,0.2777777777777778,-3.375512962962963,-182.2777
bollinger_lower,atr_trail_2x,5_25M,37,0.40540540540540543,1.5424513513513514,57.0707
bollinger_lower,atr_trail_2x,ge_500M,33,0.45454545454545453,1.3769181818181817,45.4383
bollinger_lower,atr_trail_2x,lt_5M,3,0.6666666666666666,20.322866666666666,60.968599999999995
bollinger_lower,break_even_at_1r,100_500M,63,0.19047619047619047,0.7077253968253968,44.5867
bollinger_lower,break_even_at_1r,25_100M,54,0.12962962962962962,-2.245664814814815,-121.2659
bollinger_lower,break_even_at_1r,5_25M,37,0.1891891891891892,-0.667381081081081,-24.693099999999994
bollinger_lower,break_even_at_1r,ge_500M,33,0.24242424242424243,0.8039787878787878,26.531299999999998
bollinger_lower,break_even_at_1r,lt_5M,3,0.3333333333333333,5.161133333333333,15.4834
bollinger_lower,breakeven_plus_trail,100_500M,63,0.4444444444444444,4.136425396825397,260.59479999999996
bollinger_lower,breakeven_plus_trail,25_100M,54,0.4074074074074074,1.9906074074074074,107.4928
bollinger_lower,breakeven_plus_trail,5_25M,37,0.4864864864864865,4.71057027027027,174.2911
bollinger_lower,breakeven_plus_trail,ge_500M,33,0.3939393939393939,3.1731030303030305,104.7124
bollinger_lower,breakeven_plus_trail,lt_5M,3,0.6666666666666666,33.71586666666666,101.1476
bollinger_lower,class_time_stop,100_500M,63,0.6666666666666666,3.0511968253968256,192.2254
bollinger_lower,class_time_stop,25_100M,54,0.37037037037037035,0.10799814814814815,5.8319
bollinger_lower,class_time_stop,5_25M,37,0.6216216216216216,3.7365135135135135,138.251
bollinger_lower,class_time_stop,ge_500M,33,0.5454545454545454,1.534239393939394,50.6299
bollinger_lower,class_time_stop,lt_5M,3,0.6666666666666666,9.5187,28.5561
bollinger_lower,earnings_blackout,100_500M,63,0.6666666666666666,31.63902857142857,1993.2588
bollinger_lower,earnings_blackout,25_100M,54,0.6481481481481481,33.68377592592593,1818.9239
bollinger_lower,earnings_blackout,5_25M,37,0.7567567567567568,106.57185675675676,3943.1587
bollinger_lower,earnings_blackout,ge_500M,33,0.7272727272727273,32.90106363636364,1085.7351
bollinger_lower,earnings_blackout,lt_5M,3,1.0,147.88613333333333,443.65840000000003
bollinger_lower,fixed_4r_2r,100_500M,63,0.4603174603174603,2.2319158730158732,140.6107
bollinger_lower,fixed_4r_2r,25_100M,54,0.3148148148148148,-0.3198833333333333,-17.273699999999998
bollinger_lower,fixed_4r_2r,5_25M,37,0.43243243243243246,4.31182972972973,159.53770000000003
bollinger_lower,fixed_4r_2r,ge_500M,33,0.42424242424242425,0.6932090909090909,22.875899999999998
bollinger_lower,fixed_4r_2r,lt_5M,3,0.6666666666666666,20.490266666666667,61.4708
bollinger_lower,hybrid_50pct_target,100_500M,63,0.6190476190476191,5.416963492063492,341.2687
bollinger_lower,hybrid_50pct_target,25_100M,54,0.46296296296296297,0.4685574074074073,25.302099999999996
bollinger_lower,hybrid_50pct_target,5_25M,37,0.4864864864864865,5.838240540540541,216.0149
bollinger_lower,hybrid_50pct_target,ge_500M,33,0.696969696969697,4.711442424242424,155.4776
bollinger_lower,hybrid_50pct_target,lt_5M,3,0.3333333333333333,3.0777,9.2331
bollinger_lower,ma_exit_ema9,100_500M,63,0.47619047619047616,0.01858888888888884,1.171099999999997
bollinger_lower,ma_exit_ema9,25_100M,54,0.5740740740740741,0.5569481481481482,30.075200000000002
bollinger_lower,ma_exit_ema9,5_25M,37,0.4594594594594595,1.3027675675675674,48.2024
bollinger_lower,ma_exit_ema9,ge_500M,33,0.6060606060606061,0.4889727272727272,16.1361
bollinger_lower,ma_exit_ema9,lt_5M,3,0.0,-4.1203666666666665,-12.3611
bollinger_lower,next_pivot_target,100_500M,63,0.6031746031746031,1.0730126984126986,67.59980000000002
bollinger_lower,next_pivot_target,25_100M,54,0.4444444444444444,-2.067672222222222,-111.65429999999999
bollinger_lower,next_pivot_target,5_25M,37,0.4864864864864865,3.4201027027027027,126.5438
bollinger_lower,next_pivot_target,ge_500M,33,0.6666666666666666,2.8761181818181814,94.91189999999999
bollinger_lower,next_pivot_target,lt_5M,3,0.3333333333333333,-3.1232,-9.3696
bollinger_lower,r_multiple_2r,100_500M,63,0.42857142857142855,1.2070238095238095,76.0425
bollinger_lower,r_multiple_2r,25_100M,54,0.3148148148148148,-0.651761111111111,-35.1951
bollinger_lower,r_multiple_2r,5_25M,37,0.43243243243243246,4.783656756756757,176.99530000000001
bollinger_lower,r_multiple_2r,ge_500M,33,0.6060606060606061,2.96799393939394,97.94380000000001
bollinger_lower,r_multiple_2r,lt_5M,3,0.3333333333333333,1.5849666666666664,4.754899999999999
bollinger_lower,r_multiple_3r,100_500M,63,0.3492063492063492,1.2754476190476192,80.3532
bollinger_lower,r_multiple_3r,25_100M,54,0.2777777777777778,0.3512000000000001,18.964800000000007
bollinger_lower,r_multiple_3r,5_25M,37,0.35135135135135137,6.1319,226.8803
bollinger_lower,r_multiple_3r,ge_500M,33,0.45454545454545453,3.6922181818181823,121.84320000000001
bollinger_lower,r_multiple_3r,lt_5M,3,0.3333333333333333,4.767466666666667,14.302400000000002
bollinger_lower,regime_flip,100_500M,63,0.6031746031746031,2.592438095238095,163.3236
bollinger_lower,regime_flip,25_100M,54,0.4444444444444444,-0.5259055555555554,-28.39889999999999
bollinger_lower,regime_flip,5_25M,37,0.6216216216216216,5.861881081081081,216.8896
bollinger_lower,regime_flip,ge_500M,33,0.5757575757575758,2.0565454545454545,67.866
bollinger_lower,regime_flip,lt_5M,3,0.6666666666666666,11.558933333333334,34.6768
bollinger_lower,time_stop_10d,100_500M,63,0.5873015873015873,0.7874682539682542,49.61050000000001
bollinger_lower,time_stop_10d,25_100M,54,0.3888888888888889,-1.273301851851852,-68.7583
bollinger_lower,time_stop_10d,5_25M,37,0.5135135135135135,3.8522,142.5314
bollinger_lower,time_stop_10d,ge_500M,33,0.5757575757575758,3.033269696969697,100.0979
bollinger_lower,time_stop_10d,lt_5M,3,1.0,9.073966666666667,27.2219
bollinger_lower,time_stop_20d,100_500M,63,0.6031746031746031,2.592438095238095,163.3236
bollinger_lower,time_stop_20d,25_100M,54,0.4444444444444444,-0.5259055555555554,-28.39889999999999
bollinger_lower,time_stop_20d,5_25M,37,0.6216216216216216,5.861881081081081,216.8896
bollinger_lower,time_stop_20d,ge_500M,33,0.5757575757575758,2.0565454545454545,67.866
bollinger_lower,time_stop_20d,lt_5M,3,0.6666666666666666,11.558933333333334,34.6768
bollinger_lower,trailing_10pct,100_500M,63,0.49206349206349204,3.4075857142857147,214.67790000000002
bollinger_lower,trailing_10pct,25_100M,54,0.2222222222222222,-3.670062962962963,-198.1834
bollinger_lower,trailing_10pct,5_25M,37,0.35135135135135137,0.4800972972972972,17.763599999999997
bollinger_lower,trailing_10pct,ge_500M,33,0.45454545454545453,2.4613181818181817,81.2235
bollinger_lower,trailing_10pct,lt_5M,3,0.3333333333333333,3.274533333333333,9.823599999999999
bollinger_lower,trailing_15pct,100_500M,63,0.4603174603174603,3.939374603174603,248.1806
bollinger_lower,trailing_15pct,25_100M,54,0.35185185185185186,-1.214898148148148,-65.60449999999999
bollinger_lower,trailing_15pct,5_25M,37,0.4864864864864865,2.400497297297297,88.8184
bollinger_lower,trailing_15pct,ge_500M,33,0.3939393939393939,0.7332272727272724,24.19649999999999
bollinger_lower,trailing_15pct,lt_5M,3,0.3333333333333333,1.9191000000000003,5.757300000000001
bollinger_lower,trailing_5pct,100_500M,63,0.3333333333333333,-0.06830634920634916,-4.3032999999999975
bollinger_lower,trailing_5pct,25_100M,54,0.16666666666666666,-1.758037037037037,-94.934
bollinger_lower,trailing_5pct,5_25M,37,0.1891891891891892,-1.8124945945945945,-67.0623
bollinger_lower,trailing_5pct,ge_500M,33,0.48484848484848486,1.8351363636363636,60.5595
bollinger_lower,trailing_5pct,lt_5M,3,0.3333333333333333,-2.6900333333333335,-8.0701
bollinger_tight,atr_trail_1x,100_500M,52,0.2692307692307692,-0.8498673076923077,-44.1931
bollinger_tight,atr_trail_1x,25_100M,42,0.3333333333333333,-1.1714476190476188,-49.200799999999994
bollinger_tight,atr_trail_1x,5_25M,16,0.25,-2.6817937499999998,-42.908699999999996
bollinger_tight,atr_trail_1x,ge_500M,10,0.3,0.78246,7.8246
bollinger_tight,atr_trail_1x,lt_5M,4,0.0,-3.6540999999999997,-14.616399999999999
bollinger_tight,atr_trail_2x,100_500M,52,0.2692307692307692,-1.3023,-67.7196
bollinger_tight,atr_trail_2x,25_100M,42,0.42857142857142855,-1.1806619047619047,-49.5878
bollinger_tight,atr_trail_2x,5_25M,16,0.4375,-2.98139375,-47.7023
bollinger_tight,atr_trail_2x,ge_500M,10,0.3,-0.0697000000000001,-0.697000000000001
bollinger_tight,atr_trail_2x,lt_5M,4,0.25,-3.1904250000000003,-12.761700000000001
bollinger_tight,break_even_at_1r,100_500M,52,0.057692307692307696,-1.176728846153846,-61.1899
bollinger_tight,break_even_at_1r,25_100M,42,0.30952380952380953,0.9530761904761905,40.0292
bollinger_tight,break_even_at_1r,5_25M,16,0.125,-2.95555,-47.2888
bollinger_tight,break_even_at_1r,ge_500M,10,0.3,1.95918,19.5918
bollinger_tight,break_even_at_1r,lt_5M,4,0.25,-2.89715,-11.5886
bollinger_tight,breakeven_plus_trail,100_500M,52,0.28846153846153844,1.4911980769230768,77.5423
bollinger_tight,breakeven_plus_trail,25_100M,42,0.5238095238095238,8.330288095238094,349.8721
bollinger_tight,breakeven_plus_trail,5_25M,16,0.4375,-0.4490312499999991,-7.184499999999986
bollinger_tight,breakeven_plus_trail,ge_500M,10,0.3,2.59098,25.9098
bollinger_tight,breakeven_plus_trail,lt_5M,4,0.5,-1.8679000000000001,-7.4716000000000005
bollinger_tight,class_time_stop,100_500M,52,0.5769230769230769,0.28707307692307693,14.927800000000001
bollinger_tight,class_time_stop,25_100M,42,0.5238095238095238,0.37911904761904774,15.923000000000005
bollinger_tight,class_time_stop,5_25M,16,0.5625,0.8162312500000003,13.059700000000005
bollinger_tight,class_time_stop,ge_500M,10,0.7,3.24996,32.4996
bollinger_tight,class_time_stop,lt_5M,4,0.25,-10.566625,-42.2665
bollinger_tight,earnings_blackout,100_500M,52,0.6153846153846154,28.576025,1485.9533000000001
bollinger_tight,earnings_blackout,25_100M,42,0.7142857142857143,83.21619523809524,3495.0802
bollinger_tight,earnings_blackout,5_25M,16,0.75,264.20036875,4227.2059
bollinger_tight,earnings_blackout,ge_500M,10,0.7,41.14974,411.4974
bollinger_tight,earnings_blackout,lt_5M,4,0.75,11.41535,45.6614
bollinger_tight,fixed_4r_2r,100_500M,52,0.4230769230769231,1.6393519230769227,85.24629999999998
bollinger_tight,fixed_4r_2r,25_100M,42,0.42857142857142855,2.000938095238095,84.03939999999999
bollinger_tight,fixed_4r_2r,5_25M,16,0.4375,3.4658187500000004,55.453100000000006
bollinger_tight,fixed_4r_2r,ge_500M,10,0.6,2.20535,22.053500000000003
bollinger_tight,fixed_4r_2r,lt_5M,4,0.25,-5.662050000000001,-22.648200000000003
bollinger_tight,hybrid_50pct_target,100_500M,52,0.5384615384615384,1.4931692307692308,77.6448
bollinger_tight,hybrid_50pct_target,25_100M,42,0.47619047619047616,2.845704761904762,119.5196
bollinger_tight,hybrid_50pct_target,5_25M,16,0.3125,-0.2465875000000004,-3.9454000000000065
bollinger_tight,hybrid_50pct_target,ge_500M,10,0.9,6.3119700000000005,63.1197
bollinger_tight,hybrid_50pct_target,lt_5M,4,0.25,-4.033175,-16.1327
bollinger_tight,ma_exit_ema9,100_500M,52,0.5384615384615384,0.1644307692307692,8.5504
bollinger_tight,ma_exit_ema9,25_100M,42,0.30952380952380953,-0.9560833333333334,-40.1555
bollinger_tight,ma_exit_ema9,5_25M,16,0.3125,0.90510625,14.4817
bollinger_tight,ma_exit_ema9,ge_500M,10,0.8,1.42662,14.2662
bollinger_tight,ma_exit_ema9,lt_5M,4,0.75,1.2757500000000002,5.103000000000001
bollinger_tight,next_pivot_target,100_500M,52,0.5769230769230769,-0.41490192307692314,-21.574900000000003
bollinger_tight,next_pivot_target,25_100M,42,0.5476190476190477,0.6404214285714286,26.8977
bollinger_tight,next_pivot_target,5_25M,16,0.5,0.3692312499999999,5.907699999999998
bollinger_tight,next_pivot_target,ge_500M,10,0.8,1.4826400000000002,14.826400000000001
bollinger_tight,next_pivot_target,lt_5M,4,0.25,-4.38405,-17.5362
bollinger_tight,r_multiple_2r,100_500M,52,0.34615384615384615,0.6894846153846154,35.8532
bollinger_tight,r_multiple_2r,25_100M,42,0.40476190476190477,1.3126833333333334,55.13270000000001
bollinger_tight,r_multiple_2r,5_25M,16,0.25,-4.9566625,-79.3066
bollinger_tight,r_multiple_2r,ge_500M,10,0.4,-0.9379400000000002,-9.379400000000002
bollinger_tight,r_multiple_2r,lt_5M,4,0.25,-2.76045,-11.0418
bollinger_tight,r_multiple_3r,100_500M,52,0.25,-0.43784423076923057,-22.76789999999999
bollinger_tight,r_multiple_3r,25_100M,42,0.3333333333333333,1.3679666666666668,57.454600000000006
bollinger_tight,r_multiple_3r,5_25M,16,0.1875,-4.060975,-64.9756
bollinger_tight,r_multiple_3r,ge_500M,10,0.4,0.3554099999999999,3.5540999999999987
bollinger_tight,r_multiple_3r,lt_5M,4,0.25,-1.2217249999999997,-4.886899999999999
bollinger_tight,regime_flip,100_500M,52,0.4423076923076923,-0.7685019230769232,-39.96210000000001
bollinger_tight,regime_flip,25_100M,42,0.5238095238095238,-0.9652904761904764,-40.54220000000001
bollinger_tight,regime_flip,5_25M,16,0.5625,1.6108750000000007,25.77400000000001
bollinger_tight,regime_flip,ge_500M,10,0.6,3.4843900000000003,34.843900000000005
bollinger_tight,regime_flip,lt_5M,4,0.25,-6.05245,-24.2098
bollinger_tight,time_stop_10d,100_500M,52,0.5576923076923077,-0.01860384615384625,-0.9674000000000049
bollinger_tight,time_stop_10d,25_100M,42,0.47619047619047616,1.3382190476190476,56.205200000000005
bollinger_tight,time_stop_10d,5_25M,16,0.5625,-2.6835312499999997,-42.936499999999995
bollinger_tight,time_stop_10d,ge_500M,10,0.7,4.29875,42.9875
bollinger_tight,time_stop_10d,lt_5M,4,0.25,-2.8482000000000003,-11.392800000000001
bollinger_tight,time_stop_20d,100_500M,52,0.4423076923076923,-0.7685019230769232,-39.96210000000001
bollinger_tight,time_stop_20d,25_100M,42,0.5238095238095238,-0.9652904761904764,-40.54220000000001
bollinger_tight,time_stop_20d,5_25M,16,0.5625,1.6108750000000007,25.77400000000001
bollinger_tight,time_stop_20d,ge_500M,10,0.6,3.4843900000000003,34.843900000000005
bollinger_tight,time_stop_20d,lt_5M,4,0.25,-6.05245,-24.2098
bollinger_tight,trailing_10pct,100_500M,52,0.34615384615384615,-0.6557423076923075,-34.09859999999999
bollinger_tight,trailing_10pct,25_100M,42,0.3333333333333333,0.9120738095238097,38.307100000000005
bollinger_tight,trailing_10pct,5_25M,16,0.3125,-1.4641875,-23.427
bollinger_tight,trailing_10pct,ge_500M,10,0.7,4.802429999999999,48.0243
bollinger_tight,trailing_10pct,lt_5M,4,0.25,-4.868399999999999,-19.473599999999998
bollinger_tight,trailing_15pct,100_500M,52,0.34615384615384615,0.667678846153846,34.71929999999999
bollinger_tight,trailing_15pct,25_100M,42,0.5476190476190477,2.38305,100.0881
bollinger_tight,trailing_15pct,5_25M,16,0.3125,13.996425,223.9428
bollinger_tight,trailing_15pct,ge_500M,10,0.8,5.08508,50.8508
bollinger_tight,trailing_15pct,lt_5M,4,0.25,-7.543774999999999,-30.175099999999997
bollinger_tight,trailing_5pct,100_500M,52,0.25,-1.707228846153846,-88.7759
bollinger_tight,trailing_5pct,25_100M,42,0.21428571428571427,-2.2980071428571427,-96.5163
bollinger_tight,trailing_5pct,5_25M,16,0.1875,-1.389125,-22.226
bollinger_tight,trailing_5pct,ge_500M,10,0.4,1.49172,14.9172
bollinger_tight,trailing_5pct,lt_5M,4,0.0,-2.296025,-9.1841
cmf_flip,atr_trail_1x,100_500M,2,0.5,-2.74765,-5.4953
cmf_flip,atr_trail_1x,25_100M,6,0.16666666666666666,-1.4752833333333335,-8.851700000000001
cmf_flip,atr_trail_1x,5_25M,1,0.0,-8.943,-8.943
cmf_flip,atr_trail_2x,100_500M,2,0.5,19.6115,39.223
cmf_flip,atr_trail_2x,25_100M,6,0.6666666666666666,10.7263,64.3578
cmf_flip,atr_trail_2x,5_25M,1,0.0,-0.567,-0.567
cmf_flip,break_even_at_1r,100_500M,2,0.0,-3.6016,-7.2032
cmf_flip,break_even_at_1r,25_100M,6,0.16666666666666666,-4.061883333333333,-24.3713
cmf_flip,break_even_at_1r,5_25M,1,0.0,-8.943,-8.943
cmf_flip,breakeven_plus_trail,100_500M,2,0.5,19.08365,38.1673
cmf_flip,breakeven_plus_trail,25_100M,6,0.5,6.2783500000000005,37.670100000000005
cmf_flip,breakeven_plus_trail,5_25M,1,1.0,46.7687,46.7687
cmf_flip,class_time_stop,100_500M,2,0.5,4.547949999999999,9.095899999999999
cmf_flip,class_time_stop,25_100M,6,0.8333333333333334,12.730783333333333,76.3847
cmf_flip,class_time_stop,5_25M,1,1.0,51.3699,51.3699
cmf_flip,earnings_blackout,100_500M,2,0.5,-3.38185,-6.7637
cmf_flip,earnings_blackout,25_100M,6,0.8333333333333334,78.7853,472.71180000000004
cmf_flip,earnings_blackout,5_25M,1,0.0,-77.5838,-77.5838
cmf_flip,fixed_4r_2r,100_500M,2,0.5,11.167549999999999,22.335099999999997
cmf_flip,fixed_4r_2r,25_100M,6,0.6666666666666666,21.826633333333334,130.9598
cmf_flip,fixed_4r_2r,5_25M,1,1.0,35.7718,35.7718
cmf_flip,hybrid_50pct_target,100_500M,2,0.0,-10.0,-20.0
cmf_flip,hybrid_50pct_target,25_100M,6,0.5,10.482933333333333,62.8976
cmf_flip,hybrid_50pct_target,5_25M,1,0.0,-10.0,-10.0
cmf_flip,ma_exit_ema9,100_500M,2,0.0,-0.9433499999999999,-1.8866999999999998
cmf_flip,ma_exit_ema9,25_100M,6,0.5,-0.30160000000000003,-1.8096
cmf_flip,ma_exit_ema9,5_25M,1,0.0,-10.0,-10.0
cmf_flip,next_pivot_target,100_500M,2,0.5,-2.0665,-4.133
cmf_flip,next_pivot_target,25_100M,6,0.6666666666666666,5.565733333333333,33.3944
cmf_flip,next_pivot_target,5_25M,1,0.0,-10.0,-10.0
cmf_flip,r_multiple_2r,100_500M,2,0.0,-5.2211,-10.4422
cmf_flip,r_multiple_2r,25_100M,6,0.16666666666666666,-0.23215000000000016,-1.392900000000001
cmf_flip,r_multiple_2r,5_25M,1,0.0,-8.943,-8.943
cmf_flip,r_multiple_3r,100_500M,2,0.0,-5.2211,-10.4422
cmf_flip,r_multiple_3r,25_100M,6,0.16666666666666666,2.626916666666666,15.761499999999995
cmf_flip,r_multiple_3r,5_25M,1,0.0,-8.943,-8.943
cmf_flip,regime_flip,100_500M,2,0.5,1.9524,3.9048
cmf_flip,regime_flip,25_100M,6,0.6666666666666666,10.695716666666668,64.1743
cmf_flip,regime_flip,5_25M,1,1.0,31.995,31.995
cmf_flip,time_stop_10d,100_500M,2,0.5,0.8097000000000001,1.6194000000000002
cmf_flip,time_stop_10d,25_100M,6,0.5,4.902,29.412
cmf_flip,time_stop_10d,5_25M,1,1.0,33.8109,33.8109
cmf_flip,time_stop_20d,100_500M,2,0.5,1.9524,3.9048
cmf_flip,time_stop_20d,25_100M,6,0.6666666666666666,10.695716666666668,64.1743
cmf_flip,time_stop_20d,5_25M,1,1.0,31.995,31.995
cmf_flip,trailing_10pct,100_500M,2,0.0,-7.9918499999999995,-15.983699999999999
cmf_flip,trailing_10pct,25_100M,6,0.3333333333333333,3.4004333333333334,20.4026
cmf_flip,trailing_10pct,5_25M,1,0.0,-10.0,-10.0
cmf_flip,trailing_15pct,100_500M,2,0.5,2.8777999999999997,5.755599999999999
cmf_flip,trailing_15pct,25_100M,6,0.6666666666666666,21.143633333333337,126.86180000000002
cmf_flip,trailing_15pct,5_25M,1,0.0,-15.0,-15.0
cmf_flip,trailing_5pct,100_500M,2,0.0,-2.8803,-5.7606
cmf_flip,trailing_5pct,25_100M,6,0.0,-3.3142666666666667,-19.8856
cmf_flip,trailing_5pct,5_25M,1,0.0,-5.0,-5.0
cpr_narrow_bullish,atr_trail_1x,100_500M,7,0.0,-1.8906571428571428,-13.2346
cpr_narrow_bullish,atr_trail_1x,25_100M,5,0.4,-0.08495999999999988,-0.4247999999999994
cpr_narrow_bullish,atr_trail_1x,5_25M,4,0.25,-2.067125,-8.2685
cpr_narrow_bullish,atr_trail_1x,ge_500M,3,0.6666666666666666,2.265833333333333,6.797499999999999
cpr_narrow_bullish,atr_trail_1x,lt_5M,2,0.0,-2.928,-5.856
cpr_narrow_bullish,atr_trail_2x,100_500M,7,0.5714285714285714,0.8730142857142855,6.111099999999999
cpr_narrow_bullish,atr_trail_2x,25_100M,5,0.4,-1.7019599999999997,-8.509799999999998
cpr_narrow_bullish,atr_trail_2x,5_25M,4,0.0,-8.530825,-34.1233
cpr_narrow_bullish,atr_trail_2x,ge_500M,3,1.0,1.5929333333333335,4.7788
cpr_narrow_bullish,atr_trail_2x,lt_5M,2,0.0,-6.35785,-12.7157
cpr_narrow_bullish,break_even_at_1r,100_500M,7,0.14285714285714285,-1.2063142857142857,-8.4442
cpr_narrow_bullish,break_even_at_1r,25_100M,5,0.4,-0.36961999999999995,-1.8480999999999996
cpr_narrow_bullish,break_even_at_1r,5_25M,4,0.0,-5.0524,-20.2096
cpr_narrow_bullish,break_even_at_1r,ge_500M,3,0.3333333333333333,-0.3943666666666667,-1.1831
cpr_narrow_bullish,break_even_at_1r,lt_5M,2,0.0,-3.47595,-6.9519
cpr_narrow_bullish,breakeven_plus_trail,100_500M,7,0.42857142857142855,2.5124714285714282,17.5873
cpr_narrow_bullish,breakeven_plus_trail,25_100M,5,0.4,-1.7483399999999996,-8.741699999999998
cpr_narrow_bullish,breakeven_plus_trail,5_25M,4,0.25,2.192275,8.7691
cpr_narrow_bullish,breakeven_plus_trail,ge_500M,3,0.3333333333333333,0.9300333333333333,2.7901
cpr_narrow_bullish,breakeven_plus_trail,lt_5M,2,0.0,-6.95195,-13.9039
cpr_narrow_bullish,class_time_stop,100_500M,7,0.42857142857142855,-0.4342714285714285,-3.0398999999999994
cpr_narrow_bullish,class_time_stop,25_100M,5,0.6,-2.37972,-11.8986
cpr_narrow_bullish,class_time_stop,5_25M,4,0.5,-8.72555,-34.9022
cpr_narrow_bullish,class_time_stop,ge_500M,3,0.6666666666666666,0.1958000000000002,0.5874000000000006
cpr_narrow_bullish,class_time_stop,lt_5M,2,1.0,20.1251,40.2502
cpr_narrow_bullish,earnings_blackout,100_500M,7,0.5714285714285714,27.977128571428572,195.8399
cpr_narrow_bullish,earnings_blackout,25_100M,5,1.0,27.781919999999996,138.90959999999998
cpr_narrow_bullish,earnings_blackout,5_25M,4,0.5,41.95627499999999,167.82509999999996
cpr_narrow_bullish,earnings_blackout,ge_500M,3,1.0,22.954166666666666,68.8625
cpr_narrow_bullish,earnings_blackout,lt_5M,2,1.0,24.5688,49.1376
cpr_narrow_bullish,fixed_4r_2r,100_500M,7,0.7142857142857143,4.434814285714286,31.0437
cpr_narrow_bullish,fixed_4r_2r,25_100M,5,0.4,-0.66862,-3.3430999999999997
cpr_narrow_bullish,fixed_4r_2r,5_25M,4,0.25,-2.383875,-9.5355
cpr_narrow_bullish,fixed_4r_2r,ge_500M,3,0.3333333333333333,-0.15129999999999968,-0.4538999999999991
cpr_narrow_bullish,fixed_4r_2r,lt_5M,2,0.0,-6.95195,-13.9039
cpr_narrow_bullish,hybrid_50pct_target,100_500M,7,0.7142857142857143,1.5613571428571429,10.9295
cpr_narrow_bullish,hybrid_50pct_target,25_100M,5,0.4,-4.16522,-20.8261
cpr_narrow_bullish,hybrid_50pct_target,5_25M,4,0.75,3.919174999999999,15.676699999999997
cpr_narrow_bullish,hybrid_50pct_target,ge_500M,3,1.0,4.3911,13.1733
cpr_narrow_bullish,hybrid_50pct_target,lt_5M,2,0.5,-0.86775,-1.7355
cpr_narrow_bullish,ma_exit_ema9,100_500M,7,0.2857142857142857,-1.0433285714285714,-7.3033
cpr_narrow_bullish,ma_exit_ema9,25_100M,5,0.4,-0.9878599999999998,-4.939299999999999
cpr_narrow_bullish,ma_exit_ema9,5_25M,4,0.0,-5.923975,-23.6959
cpr_narrow_bullish,ma_exit_ema9,ge_500M,3,0.6666666666666666,1.3341666666666665,4.0024999999999995
cpr_narrow_bullish,ma_exit_ema9,lt_5M,2,0.0,-5.8523,-11.7046
cpr_narrow_bullish,next_pivot_target,100_500M,7,1.0,2.858457142857143,20.0092
cpr_narrow_bullish,next_pivot_target,25_100M,5,1.0,0.73978,3.6989
cpr_narrow_bullish,next_pivot_target,5_25M,4,0.75,5.412275,21.6491
cpr_narrow_bullish,next_pivot_target,ge_500M,3,1.0,3.6064333333333334,10.8193
cpr_narrow_bullish,next_pivot_target,lt_5M,2,0.5,-4.1472999999999995,-8.294599999999999
cpr_narrow_bullish,r_multiple_2r,100_500M,7,0.2857142857142857,-0.36297142857142856,-2.5408
cpr_narrow_bullish,r_multiple_2r,25_100M,5,0.4,0.2868599999999999,1.4342999999999995
cpr_narrow_bullish,r_multiple_2r,5_25M,4,0.25,-2.08235,-8.3294
cpr_narrow_bullish,r_multiple_2r,ge_500M,3,0.6666666666666666,2.7113666666666667,8.1341
cpr_narrow_bullish,r_multiple_2r,lt_5M,2,0.0,-3.47595,-6.9519
cpr_narrow_bullish,r_multiple_3r,100_500M,7,0.2857142857142857,0.16214285714285706,1.1349999999999993
cpr_narrow_bullish,r_multiple_3r,25_100M,5,0.4,0.89362,4.4681
cpr_narrow_bullish,r_multiple_3r,5_25M,4,0.0,-6.59495,-26.3798
cpr_narrow_bullish,r_multiple_3r,ge_500M,3,0.6666666666666666,4.487633333333334,13.462900000000001
cpr_narrow_bullish,r_multiple_3r,lt_5M,2,0.0,-3.47595,-6.9519
cpr_narrow_bullish,regime_flip,100_500M,7,0.5714285714285714,0.9490000000000001,6.643000000000001
cpr_narrow_bullish,regime_flip,25_100M,5,0.4,-2.4342200000000003,-12.171100000000001
cpr_narrow_bullish,regime_flip,5_25M,4,0.25,-2.780675,-11.1227
cpr_narrow_bullish,regime_flip,ge_500M,3,0.3333333333333333,-0.6200666666666667,-1.8602
cpr_narrow_bullish,regime_flip,lt_5M,2,0.5,11.708850000000002,23.417700000000004
cpr_narrow_bullish,time_stop_10d,100_500M,7,0.2857142857142857,-0.14362857142857147,-1.0054000000000003
cpr_narrow_bullish,time_stop_10d,25_100M,5,0.4,-2.41186,-12.0593
cpr_narrow_bullish,time_stop_10d,5_25M,4,0.5,-5.40585,-21.6234
cpr_narrow_bullish,time_stop_10d,ge_500M,3,0.6666666666666666,2.4162666666666666,7.248799999999999
cpr_narrow_bullish,time_stop_10d,lt_5M,2,0.5,-0.6584499999999993,-1.3168999999999986
cpr_narrow_bullish,time_stop_20d,100_500M,7,0.5714285714285714,0.9490000000000001,6.643000000000001
cpr_narrow_bullish,time_stop_20d,25_100M,5,0.4,-2.4342200000000003,-12.171100000000001
cpr_narrow_bullish,time_stop_20d,5_25M,4,0.25,-2.780675,-11.1227
cpr_narrow_bullish,time_stop_20d,ge_500M,3,0.3333333333333333,-0.6200666666666667,-1.8602
cpr_narrow_bullish,time_stop_20d,lt_5M,2,0.5,11.708850000000002,23.417700000000004
cpr_narrow_bullish,trailing_10pct,100_500M,7,0.42857142857142855,0.8976571428571427,6.283599999999999
cpr_narrow_bullish,trailing_10pct,25_100M,5,0.4,-3.3089799999999996,-16.5449
cpr_narrow_bullish,trailing_10pct,5_25M,4,0.25,-3.2673,-13.0692
cpr_narrow_bullish,trailing_10pct,ge_500M,3,0.3333333333333333,-1.9270666666666667,-5.7812
cpr_narrow_bullish,trailing_10pct,lt_5M,2,0.0,-9.54835,-19.0967
cpr_narrow_bullish,trailing_15pct,100_500M,7,0.5714285714285714,-0.3309714285714285,-2.3167999999999997
cpr_narrow_bullish,trailing_15pct,25_100M,5,0.2,-7.5229,-37.6145
cpr_narrow_bullish,trailing_15pct,5_25M,4,0.25,-7.144925,-28.5797
cpr_narrow_bullish,trailing_15pct,ge_500M,3,0.3333333333333333,-0.447233333333333,-1.341699999999999
cpr_narrow_bullish,trailing_15pct,lt_5M,2,0.5,1.8670499999999999,3.7340999999999998
cpr_narrow_bullish,trailing_5pct,100_500M,7,0.5714285714285714,1.1890714285714286,8.3235
cpr_narrow_bullish,trailing_5pct,25_100M,5,0.4,-1.20678,-6.0339
cpr_narrow_bullish,trailing_5pct,5_25M,4,0.25,-0.93325,-3.733
cpr_narrow_bullish,trailing_5pct,ge_500M,3,1.0,1.4501666666666668,4.3505
cpr_narrow_bullish,trailing_5pct,lt_5M,2,0.0,-4.52325,-9.0465
hull_rsi,atr_trail_1x,100_500M,1,0.0,-3.8472,-3.8472
hull_rsi,atr_trail_1x,25_100M,3,0.0,-0.8480666666666666,-2.5442
hull_rsi,atr_trail_1x,5_25M,1,0.0,-4.3589,-4.3589
hull_rsi,atr_trail_1x,ge_500M,1,0.0,-2.8039,-2.8039
hull_rsi,atr_trail_2x,100_500M,1,1.0,23.1671,23.1671
hull_rsi,atr_trail_2x,25_100M,3,0.0,-4.403300000000001,-13.209900000000001
hull_rsi,atr_trail_2x,5_25M,1,0.0,-8.7179,-8.7179
hull_rsi,atr_trail_2x,ge_500M,1,0.0,-5.6078,-5.6078
hull_rsi,break_even_at_1r,100_500M,1,0.0,-3.8472,-3.8472
hull_rsi,break_even_at_1r,25_100M,3,0.0,-1.7748666666666664,-5.324599999999999
hull_rsi,break_even_at_1r,5_25M,1,0.0,-4.3589,-4.3589
hull_rsi,break_even_at_1r,ge_500M,1,0.0,-2.8039,-2.8039
hull_rsi,breakeven_plus_trail,100_500M,1,0.0,0.0,0.0
hull_rsi,breakeven_plus_trail,25_100M,3,0.0,-2.9500333333333333,-8.8501
hull_rsi,breakeven_plus_trail,5_25M,1,0.0,-8.7179,-8.7179
hull_rsi,breakeven_plus_trail,ge_500M,1,1.0,16.1193,16.1193
hull_rsi,class_time_stop,100_500M,1,1.0,31.8875,31.8875
hull_rsi,class_time_stop,25_100M,3,0.0,-7.723933333333334,-23.1718
hull_rsi,class_time_stop,5_25M,1,1.0,9.657,9.657
hull_rsi,class_time_stop,ge_500M,1,1.0,16.1193,16.1193
hull_rsi,earnings_blackout,100_500M,1,1.0,42.5076,42.5076
hull_rsi,earnings_blackout,25_100M,3,0.6666666666666666,0.9387999999999996,2.816399999999999
hull_rsi,earnings_blackout,5_25M,1,1.0,1191.1381,1191.1381
hull_rsi,earnings_blackout,ge_500M,1,1.0,16.1193,16.1193
hull_rsi,fixed_4r_2r,100_500M,1,1.0,15.3888,15.3888
hull_rsi,fixed_4r_2r,25_100M,3,0.0,-12.281266666666667,-36.8438
hull_rsi,fixed_4r_2r,5_25M,1,0.0,-8.7179,-8.7179
hull_rsi,fixed_4r_2r,ge_500M,1,0.0,-5.6078,-5.6078
hull_rsi,hybrid_50pct_target,100_500M,1,1.0,18.3089,18.3089
hull_rsi,hybrid_50pct_target,25_100M,3,0.6666666666666666,1.1868666666666663,3.560599999999999
hull_rsi,hybrid_50pct_target,5_25M,1,0.0,-10.0,-10.0
hull_rsi,hybrid_50pct_target,ge_500M,1,1.0,12.2655,12.2655
hull_rsi,ma_exit_ema9,100_500M,1,0.0,-2.9273,-2.9273
hull_rsi,ma_exit_ema9,25_100M,3,0.3333333333333333,-4.3984,-13.1952
hull_rsi,ma_exit_ema9,5_25M,1,0.0,-10.0,-10.0
hull_rsi,ma_exit_ema9,ge_500M,1,1.0,16.1193,16.1193
hull_rsi,next_pivot_target,100_500M,1,1.0,4.2592,4.2592
hull_rsi,next_pivot_target,25_100M,3,0.6666666666666666,-5.143933333333333,-15.431799999999999
hull_rsi,next_pivot_target,5_25M,1,0.0,-8.7179,-8.7179
hull_rsi,next_pivot_target,ge_500M,1,0.0,-5.6078,-5.6078
hull_rsi,r_multiple_2r,100_500M,1,0.0,-3.8472,-3.8472
hull_rsi,r_multiple_2r,25_100M,3,0.6666666666666666,5.291866666666667,15.875600000000002
hull_rsi,r_multiple_2r,5_25M,1,0.0,-4.3589,-4.3589
hull_rsi,r_multiple_2r,ge_500M,1,0.0,-2.8039,-2.8039
hull_rsi,r_multiple_3r,100_500M,1,0.0,-3.8472,-3.8472
hull_rsi,r_multiple_3r,25_100M,3,0.3333333333333333,-0.2902666666666667,-0.8708
hull_rsi,r_multiple_3r,5_25M,1,0.0,-4.3589,-4.3589
hull_rsi,r_multiple_3r,ge_500M,1,0.0,-2.8039,-2.8039
hull_rsi,regime_flip,100_500M,1,1.0,11.4458,11.4458
hull_rsi,regime_flip,25_100M,3,0.6666666666666666,-2.0475999999999996,-6.142799999999999
hull_rsi,regime_flip,5_25M,1,1.0,19.1286,19.1286
hull_rsi,regime_flip,ge_500M,1,1.0,16.1193,16.1193
hull_rsi,time_stop_10d,100_500M,1,0.0,-0.8512,-0.8512
hull_rsi,time_stop_10d,25_100M,3,0.3333333333333333,-4.177533333333333,-12.532599999999999
hull_rsi,time_stop_10d,5_25M,1,1.0,13.8592,13.8592
hull_rsi,time_stop_10d,ge_500M,1,1.0,16.1193,16.1193
hull_rsi,time_stop_20d,100_500M,1,1.0,11.4458,11.4458
hull_rsi,time_stop_20d,25_100M,3,0.6666666666666666,-2.0475999999999996,-6.142799999999999
hull_rsi,time_stop_20d,5_25M,1,1.0,19.1286,19.1286
hull_rsi,time_stop_20d,ge_500M,1,1.0,16.1193,16.1193
hull_rsi,trailing_10pct,100_500M,1,1.0,25.0763,25.0763
hull_rsi,trailing_10pct,25_100M,3,0.0,-3.0525333333333333,-9.1576
hull_rsi,trailing_10pct,5_25M,1,0.0,-10.0,-10.0
hull_rsi,trailing_10pct,ge_500M,1,1.0,16.1193,16.1193
hull_rsi,trailing_15pct,100_500M,1,1.0,21.6706,21.6706
hull_rsi,trailing_15pct,25_100M,3,0.0,-8.034666666666666,-24.104
hull_rsi,trailing_15pct,5_25M,1,0.0,-6.2246,-6.2246
hull_rsi,trailing_15pct,ge_500M,1,1.0,16.1193,16.1193
hull_rsi,trailing_5pct,100_500M,1,1.0,0.666,0.666
hull_rsi,trailing_5pct,25_100M,3,0.0,-0.9531333333333333,-2.8594
hull_rsi,trailing_5pct,5_25M,1,0.0,-5.0,-5.0
hull_rsi,trailing_5pct,ge_500M,1,0.0,-5.0,-5.0
ichimoku_cloud_breakout,atr_trail_1x,100_500M,3,0.3333333333333333,-4.545133333333333,-13.6354
ichimoku_cloud_breakout,atr_trail_1x,25_100M,4,0.25,-0.927975,-3.7119
ichimoku_cloud_breakout,atr_trail_1x,5_25M,1,0.0,-4.3941,-4.3941
ichimoku_cloud_breakout,atr_trail_2x,100_500M,3,0.0,-12.936033333333333,-38.808099999999996
ichimoku_cloud_breakout,atr_trail_2x,25_100M,4,0.25,-2.6941249999999997,-10.776499999999999
ichimoku_cloud_breakout,atr_trail_2x,5_25M,1,0.0,-15.2486,-15.2486
ichimoku_cloud_breakout,break_even_at_1r,100_500M,3,0.3333333333333333,-5.1314,-15.3942
ichimoku_cloud_breakout,break_even_at_1r,25_100M,4,0.5,1.6713000000000002,6.685200000000001
ichimoku_cloud_breakout,break_even_at_1r,5_25M,1,0.0,-8.4603,-8.4603
ichimoku_cloud_breakout,breakeven_plus_trail,100_500M,3,0.3333333333333333,-10.364933333333333,-31.0948
ichimoku_cloud_breakout,breakeven_plus_trail,25_100M,4,0.75,7.428975,29.7159
ichimoku_cloud_breakout,breakeven_plus_trail,5_25M,1,0.0,-16.9205,-16.9205
ichimoku_cloud_breakout,class_time_stop,100_500M,3,0.0,-29.320999999999998,-87.963
ichimoku_cloud_breakout,class_time_stop,25_100M,4,0.75,4.773325,19.0933
ichimoku_cloud_breakout,class_time_stop,5_25M,1,0.0,-12.9335,-12.9335
ichimoku_cloud_breakout,earnings_blackout,100_500M,3,0.3333333333333333,22.402933333333333,67.2088
ichimoku_cloud_breakout,earnings_blackout,25_100M,4,0.5,75.8315,303.326
ichimoku_cloud_breakout,earnings_blackout,5_25M,1,0.0,-20.8712,-20.8712
ichimoku_cloud_breakout,fixed_4r_2r,100_500M,3,0.0,-16.7883,-50.3649
ichimoku_cloud_breakout,fixed_4r_2r,25_100M,4,0.75,25.734975,102.9399
ichimoku_cloud_breakout,fixed_4r_2r,5_25M,1,0.0,-16.9205,-16.9205
ichimoku_cloud_breakout,hybrid_50pct_target,100_500M,3,0.0,-10.0,-30.0
ichimoku_cloud_breakout,hybrid_50pct_target,25_100M,4,0.5,3.510475,14.0419
ichimoku_cloud_breakout,hybrid_50pct_target,5_25M,1,0.0,-10.0,-10.0
ichimoku_cloud_breakout,ma_exit_ema9,100_500M,3,0.3333333333333333,-1.750333333333333,-5.2509999999999994
ichimoku_cloud_breakout,ma_exit_ema9,25_100M,4,0.75,3.272275,13.0891
ichimoku_cloud_breakout,ma_exit_ema9,5_25M,1,1.0,4.0995,4.0995
ichimoku_cloud_breakout,next_pivot_target,100_500M,3,0.3333333333333333,-1.915266666666667,-5.745800000000001
ichimoku_cloud_breakout,next_pivot_target,25_100M,4,0.5,3.9272750000000007,15.709100000000003
ichimoku_cloud_breakout,next_pivot_target,5_25M,1,0.0,-10.0,-10.0
ichimoku_cloud_breakout,r_multiple_2r,100_500M,3,0.0,-8.379833333333332,-25.139499999999998
ichimoku_cloud_breakout,r_multiple_2r,25_100M,4,0.5,6.633649999999999,26.534599999999998
ichimoku_cloud_breakout,r_multiple_2r,5_25M,1,0.0,-8.4603,-8.4603
ichimoku_cloud_breakout,r_multiple_3r,100_500M,3,0.0,-8.379833333333332,-25.139499999999998
ichimoku_cloud_breakout,r_multiple_3r,25_100M,4,0.25,-2.8364000000000003,-11.345600000000001
ichimoku_cloud_breakout,r_multiple_3r,5_25M,1,0.0,-8.4603,-8.4603
ichimoku_cloud_breakout,regime_flip,100_500M,3,0.0,-28.012433333333334,-84.0373
ichimoku_cloud_breakout,regime_flip,25_100M,4,0.75,5.414775,21.6591
ichimoku_cloud_breakout,regime_flip,5_25M,1,0.0,-26.6591,-26.6591
ichimoku_cloud_breakout,time_stop_10d,100_500M,3,0.0,-10.3682,-31.1046
ichimoku_cloud_breakout,time_stop_10d,25_100M,4,0.25,-2.549925,-10.1997
ichimoku_cloud_breakout,time_stop_10d,5_25M,1,0.0,-7.9724,-7.9724
ichimoku_cloud_breakout,time_stop_20d,100_500M,3,0.0,-28.012433333333334,-84.0373
ichimoku_cloud_breakout,time_stop_20d,25_100M,4,0.75,5.414775,21.6591
ichimoku_cloud_breakout,time_stop_20d,5_25M,1,0.0,-26.6591,-26.6591
ichimoku_cloud_breakout,trailing_10pct,100_500M,3,0.3333333333333333,-6.790333333333334,-20.371000000000002
ichimoku_cloud_breakout,trailing_10pct,25_100M,4,0.25,-3.360025,-13.4401
ichimoku_cloud_breakout,trailing_10pct,5_25M,1,0.0,-6.3105,-6.3105
ichimoku_cloud_breakout,trailing_15pct,100_500M,3,0.0,-11.755433333333334,-35.2663
ichimoku_cloud_breakout,trailing_15pct,25_100M,4,0.75,9.318725,37.2749
ichimoku_cloud_breakout,trailing_15pct,5_25M,1,0.0,-11.5154,-11.5154
ichimoku_cloud_breakout,trailing_5pct,100_500M,3,0.0,-3.416866666666667,-10.2506
ichimoku_cloud_breakout,trailing_5pct,25_100M,4,0.0,-2.065075,-8.2603
ichimoku_cloud_breakout,trailing_5pct,5_25M,1,0.0,-1.1055,-1.1055
pivot_r1_breakout,atr_trail_1x,100_500M,45,0.2,-1.6746355555555554,-75.3586
pivot_r1_breakout,atr_trail_1x,25_100M,44,0.25,-0.27645000000000003,-12.1638
pivot_r1_breakout,atr_trail_1x,5_25M,19,0.10526315789473684,-3.282684210526316,-62.371
pivot_r1_breakout,atr_trail_1x,ge_500M,10,0.0,-2.3878399999999997,-23.8784
pivot_r1_breakout,atr_trail_1x,lt_5M,3,0.0,-7.064033333333334,-21.1921
pivot_r1_breakout,atr_trail_2x,100_500M,45,0.4222222222222222,-0.5570133333333334,-25.065600000000003
pivot_r1_breakout,atr_trail_2x,25_100M,44,0.4772727272727273,1.7928999999999997,78.88759999999999
pivot_r1_breakout,atr_trail_2x,5_25M,19,0.21052631578947367,-3.398594736842105,-64.57329999999999
pivot_r1_breakout,atr_trail_2x,ge_500M,10,0.2,-2.7923699999999996,-27.923699999999997
pivot_r1_breakout,atr_trail_2x,lt_5M,3,0.0,-14.128033333333335,-42.384100000000004
pivot_r1_breakout,break_even_at_1r,100_500M,45,0.06666666666666667,-0.9701777777777778,-43.658
pivot_r1_breakout,break_even_at_1r,25_100M,44,0.13636363636363635,1.61745,71.1678
pivot_r1_breakout,break_even_at_1r,5_25M,19,0.0,-3.2903315789473684,-62.5163
pivot_r1_breakout,break_even_at_1r,ge_500M,10,0.0,-2.03476,-20.3476
pivot_r1_breakout,break_even_at_1r,lt_5M,3,0.0,-7.064033333333334,-21.1921
pivot_r1_breakout,breakeven_plus_trail,100_500M,45,0.3111111111111111,2.0100266666666666,90.4512
pivot_r1_breakout,breakeven_plus_trail,25_100M,44,0.38636363636363635,9.171238636363636,403.5345
pivot_r1_breakout,breakeven_plus_trail,5_25M,19,0.3684210526315789,1.5880157894736842,30.1723
pivot_r1_breakout,breakeven_plus_trail,ge_500M,10,0.1,-2.8442800000000004,-28.442800000000002
pivot_r1_breakout,breakeven_plus_trail,lt_5M,3,0.0,-14.128033333333335,-42.384100000000004
pivot_r1_breakout,class_time_stop,100_500M,45,0.5111111111111111,2.057442222222222,92.58489999999999
pivot_r1_breakout,class_time_stop,25_100M,44,0.5,3.747977272727273,164.911
pivot_r1_breakout,class_time_stop,5_25M,19,0.5789473684210527,2.036305263157895,38.689800000000005
pivot_r1_breakout,class_time_stop,ge_500M,10,0.0,-7.0672,-70.672
pivot_r1_breakout,class_time_stop,lt_5M,3,0.6666666666666666,-2.953699999999999,-8.861099999999997
pivot_r1_breakout,earnings_blackout,100_500M,45,0.6,12.356735555555558,556.0531000000001
pivot_r1_breakout,earnings_blackout,25_100M,44,0.5909090909090909,17.55825,772.563
pivot_r1_breakout,earnings_blackout,5_25M,19,0.631578947368421,54.1222,1028.3218
pivot_r1_breakout,earnings_blackout,ge_500M,10,0.8,23.27552,232.7552
pivot_r1_breakout,earnings_blackout,lt_5M,3,0.0,-39.800066666666666,-119.4002
pivot_r1_breakout,fixed_4r_2r,100_500M,45,0.37777777777777777,1.1626044444444448,52.317200000000014
pivot_r1_breakout,fixed_4r_2r,25_100M,44,0.36363636363636365,-2.3092499999999996,-101.60699999999999
pivot_r1_breakout,fixed_4r_2r,5_25M,19,0.3684210526315789,-1.654405263157895,-31.4337
pivot_r1_breakout,fixed_4r_2r,ge_500M,10,0.1,-4.727410000000001,-47.274100000000004
pivot_r1_breakout,fixed_4r_2r,lt_5M,3,0.0,-14.128033333333335,-42.384100000000004
pivot_r1_breakout,hybrid_50pct_target,100_500M,45,0.7111111111111111,3.5327844444444447,158.9753
pivot_r1_breakout,hybrid_50pct_target,25_100M,44,0.5681818181818182,-0.8979704545454545,-39.5107
pivot_r1_breakout,hybrid_50pct_target,5_25M,19,0.5263157894736842,2.8535052631578948,54.2166
pivot_r1_breakout,hybrid_50pct_target,ge_500M,10,0.3,-2.28941,-22.8941
pivot_r1_breakout,hybrid_50pct_target,lt_5M,3,0.0,-10.0,-30.0
pivot_r1_breakout,ma_exit_ema9,100_500M,45,0.4222222222222222,-0.94022,-42.3099
pivot_r1_breakout,ma_exit_ema9,25_100M,44,0.5681818181818182,5.602836363636364,246.5248
pivot_r1_breakout,ma_exit_ema9,5_25M,19,0.3684210526315789,0.5790631578947367,11.002199999999998
pivot_r1_breakout,ma_exit_ema9,ge_500M,10,0.3,-3.41389,-34.1389
pivot_r1_breakout,ma_exit_ema9,lt_5M,3,0.0,-10.0,-30.0
pivot_r1_breakout,next_pivot_target,100_500M,45,0.5111111111111111,0.929648888888889,41.8342
pivot_r1_breakout,next_pivot_target,25_100M,44,0.6136363636363636,-0.10631590909090911,-4.677900000000001
pivot_r1_breakout,next_pivot_target,5_25M,19,0.5263157894736842,-0.13723157894736815,-2.607399999999995
pivot_r1_breakout,next_pivot_target,ge_500M,10,0.2,-4.664350000000001,-46.6435
pivot_r1_breakout,next_pivot_target,lt_5M,3,0.3333333333333333,-9.157066666666667,-27.471200000000003
pivot_r1_breakout,r_multiple_2r,100_500M,45,0.4,0.7386200000000003,33.23790000000001
pivot_r1_breakout,r_multiple_2r,25_100M,44,0.4090909090909091,-0.4568636363636362,-20.101999999999993
pivot_r1_breakout,r_multiple_2r,5_25M,19,0.3684210526315789,-0.0073631578947366974,-0.13989999999999725
pivot_r1_breakout,r_multiple_2r,ge_500M,10,0.1,-2.30411,-23.0411
pivot_r1_breakout,r_multiple_2r,lt_5M,3,0.0,-7.064033333333334,-21.1921
pivot_r1_breakout,r_multiple_3r,100_500M,45,0.28888888888888886,0.2573688888888889,11.581600000000002
pivot_r1_breakout,r_multiple_3r,25_100M,44,0.3181818181818182,-0.31671590909090896,-13.935499999999994
pivot_r1_breakout,r_multiple_3r,5_25M,19,0.3157894736842105,0.34665789473684216,6.586500000000001
pivot_r1_breakout,r_multiple_3r,ge_500M,10,0.1,-2.0711199999999996,-20.711199999999998
pivot_r1_breakout,r_multiple_3r,lt_5M,3,0.0,-7.064033333333334,-21.1921
pivot_r1_breakout,regime_flip,100_500M,45,0.5777777777777777,0.6950400000000001,31.276800000000005
pivot_r1_breakout,regime_flip,25_100M,44,0.5454545454545454,4.976945454545454,218.9856
pivot_r1_breakout,regime_flip,5_25M,19,0.5263157894736842,2.4170421052631577,45.92379999999999
pivot_r1_breakout,regime_flip,ge_500M,10,0.2,-5.0326,-50.32600000000001
pivot_r1_breakout,regime_flip,lt_5M,3,0.6666666666666666,1.0602,3.1806
pivot_r1_breakout,time_stop_10d,100_500M,45,0.6222222222222222,1.1696155555555556,52.6327
pivot_r1_breakout,time_stop_10d,25_100M,44,0.5454545454545454,1.9774363636363637,87.0072
pivot_r1_breakout,time_stop_10d,5_25M,19,0.631578947368421,0.09976842105263205,1.8956000000000088
pivot_r1_breakout,time_stop_10d,ge_500M,10,0.3,-4.498959999999999,-44.989599999999996
pivot_r1_breakout,time_stop_10d,lt_5M,3,0.3333333333333333,-10.153799999999999,-30.461399999999998
pivot_r1_breakout,time_stop_20d,100_500M,45,0.5777777777777777,0.6950400000000001,31.276800000000005
pivot_r1_breakout,time_stop_20d,25_100M,44,0.5454545454545454,4.976945454545454,218.9856
pivot_r1_breakout,time_stop_20d,5_25M,19,0.5263157894736842,2.4170421052631577,45.92379999999999
pivot_r1_breakout,time_stop_20d,ge_500M,10,0.2,-5.0326,-50.32600000000001
pivot_r1_breakout,time_stop_20d,lt_5M,3,0.6666666666666666,1.0602,3.1806
pivot_r1_breakout,trailing_10pct,100_500M,45,0.3333333333333333,-0.7732622222222223,-34.796800000000005
pivot_r1_breakout,trailing_10pct,25_100M,44,0.4090909090909091,1.9021136363636366,83.69300000000001
pivot_r1_breakout,trailing_10pct,5_25M,19,0.3684210526315789,1.2382789473684208,23.527299999999997
pivot_r1_breakout,trailing_10pct,ge_500M,10,0.1,-7.08146,-70.8146
pivot_r1_breakout,trailing_10pct,lt_5M,3,0.0,-10.0,-30.0
pivot_r1_breakout,trailing_15pct,100_500M,45,0.4666666666666667,1.35442,60.9489
pivot_r1_breakout,trailing_15pct,25_100M,44,0.36363636363636365,4.489452272727273,197.5359
pivot_r1_breakout,trailing_15pct,5_25M,19,0.42105263157894735,3.8623578947368413,73.38479999999998
pivot_r1_breakout,trailing_15pct,ge_500M,10,0.2,-3.62399,-36.2399
pivot_r1_breakout,trailing_15pct,lt_5M,3,0.0,-15.0,-45.0
pivot_r1_breakout,trailing_5pct,100_500M,45,0.24444444444444444,-1.136062222222222,-51.1228
pivot_r1_breakout,trailing_5pct,25_100M,44,0.29545454545454547,-0.9650272727272727,-42.4612
pivot_r1_breakout,trailing_5pct,5_25M,19,0.15789473684210525,-2.5782210526315787,-48.9862
pivot_r1_breakout,trailing_5pct,ge_500M,10,0.1,-2.3976800000000003,-23.9768
pivot_r1_breakout,trailing_5pct,lt_5M,3,0.0,-5.0,-15.0
pivot_r2_continuation,atr_trail_1x,100_500M,2,1.0,2.60325,5.2065
pivot_r2_continuation,atr_trail_1x,25_100M,6,0.0,-3.0776333333333334,-18.4658
pivot_r2_continuation,atr_trail_1x,5_25M,2,0.5,0.22465000000000002,0.44930000000000003
pivot_r2_continuation,atr_trail_1x,ge_500M,2,0.0,-2.8851,-5.7702
pivot_r2_continuation,atr_trail_2x,100_500M,2,1.0,0.57245,1.1449
pivot_r2_continuation,atr_trail_2x,25_100M,6,0.3333333333333333,-2.1404666666666667,-12.8428
pivot_r2_continuation,atr_trail_2x,5_25M,2,0.5,-2.58545,-5.1709
pivot_r2_continuation,atr_trail_2x,ge_500M,2,0.0,-5.445799999999999,-10.891599999999999
pivot_r2_continuation,break_even_at_1r,100_500M,2,0.0,-0.0162,-0.0324
pivot_r2_continuation,break_even_at_1r,25_100M,6,0.0,-3.1237666666666666,-18.7426
pivot_r2_continuation,break_even_at_1r,5_25M,2,0.5,-1.1297,-2.2594
pivot_r2_continuation,break_even_at_1r,ge_500M,2,0.0,-2.8851,-5.7702
pivot_r2_continuation,breakeven_plus_trail,100_500M,2,0.0,0.0,0.0
pivot_r2_continuation,breakeven_plus_trail,25_100M,6,0.3333333333333333,1.4669833333333333,8.8019
pivot_r2_continuation,breakeven_plus_trail,5_25M,2,0.5,-2.8106999999999998,-5.6213999999999995
pivot_r2_continuation,breakeven_plus_trail,ge_500M,2,0.0,-5.2970999999999995,-10.594199999999999
pivot_r2_continuation,class_time_stop,100_500M,2,0.5,1.3698,2.7396
pivot_r2_continuation,class_time_stop,25_100M,6,0.5,0.764933333333333,4.589599999999998
pivot_r2_continuation,class_time_stop,5_25M,2,0.0,-6.9048,-13.8096
pivot_r2_continuation,class_time_stop,ge_500M,2,0.5,-5.0269,-10.0538
pivot_r2_continuation,earnings_blackout,100_500M,2,0.5,19.97945,39.9589
pivot_r2_continuation,earnings_blackout,25_100M,6,0.5,-3.1700999999999993,-19.020599999999995
pivot_r2_continuation,earnings_blackout,5_25M,2,0.5,10.91415,21.8283
pivot_r2_continuation,earnings_blackout,ge_500M,2,1.0,26.88255,53.7651
pivot_r2_continuation,fixed_4r_2r,100_500M,2,0.5,3.6712999999999996,7.342599999999999
pivot_r2_continuation,fixed_4r_2r,25_100M,6,0.3333333333333333,-1.9785166666666665,-11.871099999999998
pivot_r2_continuation,fixed_4r_2r,5_25M,2,0.0,-7.473700000000001,-14.947400000000002
pivot_r2_continuation,fixed_4r_2r,ge_500M,2,0.0,-5.445799999999999,-10.891599999999999
pivot_r2_continuation,hybrid_50pct_target,100_500M,2,0.5,3.8843999999999994,7.768799999999999
pivot_r2_continuation,hybrid_50pct_target,25_100M,6,0.6666666666666666,1.1389,6.8334
pivot_r2_continuation,hybrid_50pct_target,5_25M,2,1.0,13.6708,27.3416
pivot_r2_continuation,hybrid_50pct_target,ge_500M,2,1.0,12.46045,24.9209
pivot_r2_continuation,ma_exit_ema9,100_500M,2,1.0,1.39695,2.7939
pivot_r2_continuation,ma_exit_ema9,25_100M,6,0.16666666666666666,-5.268833333333333,-31.613
pivot_r2_continuation,ma_exit_ema9,5_25M,2,0.5,1.5406000000000002,3.0812000000000004
pivot_r2_continuation,ma_exit_ema9,ge_500M,2,0.0,-2.69095,-5.3819
pivot_r2_continuation,next_pivot_target,100_500M,2,1.0,2.9386,5.8772
pivot_r2_continuation,next_pivot_target,25_100M,6,0.6666666666666666,-0.37609999999999993,-2.2565999999999997
pivot_r2_continuation,next_pivot_target,5_25M,2,0.5,2.5391999999999997,5.078399999999999
pivot_r2_continuation,next_pivot_target,ge_500M,2,0.0,-5.89455,-11.7891
pivot_r2_continuation,r_multiple_2r,100_500M,2,1.0,5.014,10.028
pivot_r2_continuation,r_multiple_2r,25_100M,6,0.16666666666666666,-2.7020666666666666,-16.2124
pivot_r2_continuation,r_multiple_2r,5_25M,2,0.5,2.2708500000000003,4.5417000000000005
pivot_r2_continuation,r_multiple_2r,ge_500M,2,0.0,-2.8851,-5.7702
pivot_r2_continuation,r_multiple_3r,100_500M,2,0.0,-2.507,-5.014
pivot_r2_continuation,r_multiple_3r,25_100M,6,0.16666666666666666,-2.2934666666666668,-13.7608
pivot_r2_continuation,r_multiple_3r,5_25M,2,0.5,4.2734499999999995,8.546899999999999
pivot_r2_continuation,r_multiple_3r,ge_500M,2,0.0,-2.8851,-5.7702
pivot_r2_continuation,regime_flip,100_500M,2,1.0,1.3532,2.7064
pivot_r2_continuation,regime_flip,25_100M,6,0.5,-0.7632500000000003,-4.579500000000002
pivot_r2_continuation,regime_flip,5_25M,2,0.5,-3.3943499999999998,-6.7886999999999995
pivot_r2_continuation,regime_flip,ge_500M,2,0.5,-12.90655,-25.8131
pivot_r2_continuation,time_stop_10d,100_500M,2,1.0,4.6488499999999995,9.297699999999999
pivot_r2_continuation,time_stop_10d,25_100M,6,0.5,0.3974833333333334,2.3849000000000005
pivot_r2_continuation,time_stop_10d,5_25M,2,0.5,0.8188499999999994,1.6376999999999988
pivot_r2_continuation,time_stop_10d,ge_500M,2,0.0,-7.7444500000000005,-15.488900000000001
pivot_r2_continuation,time_stop_20d,100_500M,2,1.0,1.3532,2.7064
pivot_r2_continuation,time_stop_20d,25_100M,6,0.5,-0.7632500000000003,-4.579500000000002
pivot_r2_continuation,time_stop_20d,5_25M,2,0.5,-3.3943499999999998,-6.7886999999999995
pivot_r2_continuation,time_stop_20d,ge_500M,2,0.5,-12.90655,-25.8131
pivot_r2_continuation,trailing_10pct,100_500M,2,0.5,13.06255,26.1251
pivot_r2_continuation,trailing_10pct,25_100M,6,0.0,-7.512883333333334,-45.0773
pivot_r2_continuation,trailing_10pct,5_25M,2,0.5,-4.270250000000001,-8.540500000000002
pivot_r2_continuation,trailing_10pct,ge_500M,2,0.5,1.8272500000000003,3.6545000000000005
pivot_r2_continuation,trailing_15pct,100_500M,2,0.5,4.37315,8.7463
pivot_r2_continuation,trailing_15pct,25_100M,6,0.3333333333333333,-5.099816666666666,-30.5989
pivot_r2_continuation,trailing_15pct,5_25M,2,0.5,-1.0170500000000002,-2.0341000000000005
pivot_r2_continuation,trailing_15pct,ge_500M,2,0.5,-0.6727499999999997,-1.3454999999999995
pivot_r2_continuation,trailing_5pct,100_500M,2,0.5,-0.3585499999999999,-0.7170999999999998
pivot_r2_continuation,trailing_5pct,25_100M,6,0.16666666666666666,-2.7869833333333336,-16.7219
pivot_r2_continuation,trailing_5pct,5_25M,2,0.5,-1.2010500000000002,-2.4021000000000003
pivot_r2_continuation,trailing_5pct,ge_500M,2,0.5,-1.3116500000000002,-2.6233000000000004
stochrsi_oversold,atr_trail_1x,100_500M,8,0.25,-1.3403500000000002,-10.722800000000001
stochrsi_oversold,atr_trail_1x,25_100M,10,0.3,3.81259,38.1259
stochrsi_oversold,atr_trail_1x,5_25M,7,0.2857142857142857,-2.773042857142857,-19.411299999999997
stochrsi_oversold,atr_trail_1x,ge_500M,2,0.5,1.8341500000000002,3.6683000000000003
stochrsi_oversold,atr_trail_2x,100_500M,8,0.375,1.8192999999999993,14.554399999999994
stochrsi_oversold,atr_trail_2x,25_100M,10,0.5,9.44592,94.4592
stochrsi_oversold,atr_trail_2x,5_25M,7,0.14285714285714285,-10.337414285714287,-72.3619
stochrsi_oversold,atr_trail_2x,ge_500M,2,0.0,-2.3585000000000003,-4.7170000000000005
stochrsi_oversold,break_even_at_1r,100_500M,8,0.125,-1.5340375000000002,-12.272300000000001
stochrsi_oversold,break_even_at_1r,25_100M,10,0.2,-1.5241799999999999,-15.241799999999998
stochrsi_oversold,break_even_at_1r,5_25M,7,0.2857142857142857,-5.3301428571428575,-37.311
stochrsi_oversold,break_even_at_1r,ge_500M,2,0.0,-0.0502,-0.1004
stochrsi_oversold,breakeven_plus_trail,100_500M,8,0.25,-1.0837624999999995,-8.670099999999996
stochrsi_oversold,breakeven_plus_trail,25_100M,10,0.6,11.822000000000001,118.22000000000001
stochrsi_oversold,breakeven_plus_trail,5_25M,7,0.42857142857142855,-6.8194857142857135,-47.736399999999996
stochrsi_oversold,breakeven_plus_trail,ge_500M,2,0.0,0.0,0.0
stochrsi_oversold,class_time_stop,100_500M,8,0.5,9.0426625,72.3413
stochrsi_oversold,class_time_stop,25_100M,10,0.6,12.713,127.13
stochrsi_oversold,class_time_stop,5_25M,7,0.5714285714285714,-3.4870142857142854,-24.4091
stochrsi_oversold,class_time_stop,ge_500M,2,0.0,-10.417,-20.834
stochrsi_oversold,earnings_blackout,100_500M,8,0.5,-10.4752625,-83.8021
stochrsi_oversold,earnings_blackout,25_100M,10,0.9,77.92053,779.2053
stochrsi_oversold,earnings_blackout,5_25M,7,0.8571428571428571,70.6786,494.7502
stochrsi_oversold,earnings_blackout,ge_500M,2,0.0,-54.0327,-108.0654
stochrsi_oversold,fixed_4r_2r,100_500M,8,0.375,-3.5254499999999998,-28.203599999999998
stochrsi_oversold,fixed_4r_2r,25_100M,10,0.4,6.3284199999999995,63.2842
stochrsi_oversold,fixed_4r_2r,5_25M,7,0.0,-17.725428571428573,-124.078
stochrsi_oversold,fixed_4r_2r,ge_500M,2,0.0,-9.6354,-19.2708
stochrsi_oversold,hybrid_50pct_target,100_500M,8,0.5,7.692712499999999,61.54169999999999
stochrsi_oversold,hybrid_50pct_target,25_100M,10,0.5,8.07777,80.7777
stochrsi_oversold,hybrid_50pct_target,5_25M,7,0.0,-10.0,-70.0
stochrsi_oversold,hybrid_50pct_target,ge_500M,2,0.0,-10.0,-20.0
stochrsi_oversold,ma_exit_ema9,100_500M,8,0.375,-0.965175,-7.7214
stochrsi_oversold,ma_exit_ema9,25_100M,10,0.5,0.8625700000000001,8.6257
stochrsi_oversold,ma_exit_ema9,5_25M,7,0.42857142857142855,0.49428571428571433,3.4600000000000004
stochrsi_oversold,ma_exit_ema9,ge_500M,2,1.0,1.8403,3.6806
stochrsi_oversold,next_pivot_target,100_500M,8,0.5,-3.2116249999999997,-25.692999999999998
stochrsi_oversold,next_pivot_target,25_100M,10,0.6,0.019180000000000065,0.19180000000000064
stochrsi_oversold,next_pivot_target,5_25M,7,0.5714285714285714,-0.19965714285714295,-1.3976000000000006
stochrsi_oversold,next_pivot_target,ge_500M,2,1.0,3.75535,7.5107
stochrsi_oversold,r_multiple_2r,100_500M,8,0.375,5.4253875,43.4031
stochrsi_oversold,r_multiple_2r,25_100M,10,0.6,6.889779999999999,68.89779999999999
stochrsi_oversold,r_multiple_2r,5_25M,7,0.14285714285714285,-6.761014285714286,-47.3271
stochrsi_oversold,r_multiple_2r,ge_500M,2,0.5,5.34525,10.6905
stochrsi_oversold,r_multiple_3r,100_500M,8,0.375,9.6913875,77.5311
stochrsi_oversold,r_multiple_3r,25_100M,10,0.3,5.0722700000000005,50.7227
stochrsi_oversold,r_multiple_3r,5_25M,7,0.0,-8.8627,-62.0389
stochrsi_oversold,r_multiple_3r,ge_500M,2,0.0,-5.949949999999999,-11.899899999999999
stochrsi_oversold,regime_flip,100_500M,8,0.5,6.199625000000001,49.59700000000001
stochrsi_oversold,regime_flip,25_100M,10,0.6,10.78415,107.8415
stochrsi_oversold,regime_flip,5_25M,7,0.42857142857142855,-0.2737285714285717,-1.916100000000002
stochrsi_oversold,regime_flip,ge_500M,2,0.5,-6.2633,-12.5266
stochrsi_oversold,time_stop_10d,100_500M,8,0.375,-0.5558499999999995,-4.446799999999996
stochrsi_oversold,time_stop_10d,25_100M,10,0.8,6.1855899999999995,61.8559
stochrsi_oversold,time_stop_10d,5_25M,7,0.2857142857142857,-3.2929285714285714,-23.0505
stochrsi_oversold,time_stop_10d,ge_500M,2,0.0,-4.727,-9.454
stochrsi_oversold,time_stop_20d,100_500M,8,0.5,6.199625000000001,49.59700000000001
stochrsi_oversold,time_stop_20d,25_100M,10,0.6,10.78415,107.8415
stochrsi_oversold,time_stop_20d,5_25M,7,0.42857142857142855,-0.2737285714285717,-1.916100000000002
stochrsi_oversold,time_stop_20d,ge_500M,2,0.5,-6.2633,-12.5266
stochrsi_oversold,trailing_10pct,100_500M,8,0.125,-3.3241875,-26.5935
stochrsi_oversold,trailing_10pct,25_100M,10,0.3,-3.52494,-35.2494
stochrsi_oversold,trailing_10pct,5_25M,7,0.2857142857142857,-4.240857142857143,-29.686
stochrsi_oversold,trailing_10pct,ge_500M,2,0.0,-3.8098,-7.6196
stochrsi_oversold,trailing_15pct,100_500M,8,0.375,10.849325,86.7946
stochrsi_oversold,trailing_15pct,25_100M,10,0.4,-0.07828000000000035,-0.7828000000000035
stochrsi_oversold,trailing_15pct,5_25M,7,0.2857142857142857,-4.051957142857143,-28.363699999999998
stochrsi_oversold,trailing_15pct,ge_500M,2,0.0,-10.52155,-21.0431
stochrsi_oversold,trailing_5pct,100_500M,8,0.375,-1.492825,-11.9426
stochrsi_oversold,trailing_5pct,25_100M,10,0.2,-1.9430100000000003,-19.430100000000003
stochrsi_oversold,trailing_5pct,5_25M,7,0.2857142857142857,-2.2604714285714285,-15.8233
stochrsi_oversold,trailing_5pct,ge_500M,2,0.5,1.53415,3.0683
ultimate_oscillator,atr_trail_1x,100_500M,2,0.0,-1.7366000000000001,-3.4732000000000003
ultimate_oscillator,atr_trail_1x,25_100M,3,0.0,-3.508433333333333,-10.5253
ultimate_oscillator,atr_trail_1x,ge_500M,1,0.0,-0.7037,-0.7037
ultimate_oscillator,atr_trail_2x,100_500M,2,0.5,-2.1753,-4.3506
ultimate_oscillator,atr_trail_2x,25_100M,3,0.6666666666666666,5.6386666666666665,16.916
ultimate_oscillator,atr_trail_2x,ge_500M,1,1.0,16.6788,16.6788
ultimate_oscillator,break_even_at_1r,100_500M,2,0.0,-2.33195,-4.6639
ultimate_oscillator,break_even_at_1r,25_100M,3,0.0,-4.8095,-14.4285
ultimate_oscillator,break_even_at_1r,ge_500M,1,1.0,18.4159,18.4159
ultimate_oscillator,breakeven_plus_trail,100_500M,2,0.0,-3.0981,-6.1962
ultimate_oscillator,breakeven_plus_trail,25_100M,3,0.6666666666666666,7.995466666666666,23.9864
ultimate_oscillator,breakeven_plus_trail,ge_500M,1,1.0,18.4159,18.4159
ultimate_oscillator,class_time_stop,100_500M,2,0.5,-1.15035,-2.3007
ultimate_oscillator,class_time_stop,25_100M,3,0.6666666666666666,3.8716000000000004,11.6148
ultimate_oscillator,class_time_stop,ge_500M,1,1.0,23.3592,23.3592
ultimate_oscillator,earnings_blackout,100_500M,2,1.0,30.713,61.426
ultimate_oscillator,earnings_blackout,25_100M,3,0.3333333333333333,-9.4765,-28.429499999999997
ultimate_oscillator,earnings_blackout,ge_500M,1,1.0,19.3828,19.3828
ultimate_oscillator,fixed_4r_2r,100_500M,2,0.0,-4.6639,-9.3278
ultimate_oscillator,fixed_4r_2r,25_100M,3,0.3333333333333333,-5.6933333333333325,-17.08
ultimate_oscillator,fixed_4r_2r,ge_500M,1,1.0,9.6642,9.6642
ultimate_oscillator,hybrid_50pct_target,100_500M,2,1.0,6.9116,13.8232
ultimate_oscillator,hybrid_50pct_target,25_100M,3,0.6666666666666666,11.851466666666667,35.5544
ultimate_oscillator,hybrid_50pct_target,ge_500M,1,1.0,12.8321,12.8321
ultimate_oscillator,ma_exit_ema9,100_500M,2,0.5,0.19999999999999996,0.3999999999999999
ultimate_oscillator,ma_exit_ema9,25_100M,3,0.6666666666666666,1.9044999999999999,5.7135
ultimate_oscillator,ma_exit_ema9,ge_500M,1,0.0,-0.0561,-0.0561
ultimate_oscillator,next_pivot_target,100_500M,2,1.0,2.4656000000000002,4.9312000000000005
ultimate_oscillator,next_pivot_target,25_100M,3,0.6666666666666666,1.5637999999999999,4.6914
ultimate_oscillator,next_pivot_target,ge_500M,1,1.0,4.0149,4.0149
ultimate_oscillator,r_multiple_2r,100_500M,2,0.0,-2.33195,-4.6639
ultimate_oscillator,r_multiple_2r,25_100M,3,0.3333333333333333,-2.8466666666666662,-8.54
ultimate_oscillator,r_multiple_2r,ge_500M,1,1.0,4.8321,4.8321
ultimate_oscillator,r_multiple_3r,100_500M,2,0.0,-2.33195,-4.6639
ultimate_oscillator,r_multiple_3r,25_100M,3,0.3333333333333333,-1.8923666666666665,-5.677099999999999
ultimate_oscillator,r_multiple_3r,ge_500M,1,1.0,7.2482,7.2482
ultimate_oscillator,regime_flip,100_500M,2,0.0,-1.5129000000000001,-3.0258000000000003
ultimate_oscillator,regime_flip,25_100M,3,0.6666666666666666,6.147666666666666,18.442999999999998
ultimate_oscillator,regime_flip,ge_500M,1,1.0,11.0323,11.0323
ultimate_oscillator,time_stop_10d,100_500M,2,0.5,-1.5950000000000002,-3.1900000000000004
ultimate_oscillator,time_stop_10d,25_100M,3,0.3333333333333333,1.096,3.2880000000000003
ultimate_oscillator,time_stop_10d,ge_500M,1,1.0,5.8062,5.8062
ultimate_oscillator,time_stop_20d,100_500M,2,0.0,-1.5129000000000001,-3.0258000000000003
ultimate_oscillator,time_stop_20d,25_100M,3,0.6666666666666666,6.147666666666666,18.442999999999998
ultimate_oscillator,time_stop_20d,ge_500M,1,1.0,11.0323,11.0323
ultimate_oscillator,trailing_10pct,100_500M,2,0.5,-0.7370000000000001,-1.4740000000000002
ultimate_oscillator,trailing_10pct,25_100M,3,0.3333333333333333,3.6714000000000007,11.014200000000002
ultimate_oscillator,trailing_10pct,ge_500M,1,1.0,18.4159,18.4159
ultimate_oscillator,trailing_15pct,100_500M,2,1.0,6.63015,13.2603
ultimate_oscillator,trailing_15pct,25_100M,3,0.3333333333333333,0.8119333333333335,2.4358000000000004
ultimate_oscillator,trailing_15pct,ge_500M,1,1.0,11.8373,11.8373
ultimate_oscillator,trailing_5pct,100_500M,2,0.0,-2.55565,-5.1113
ultimate_oscillator,trailing_5pct,25_100M,3,0.3333333333333333,-0.5728666666666667,-1.7186000000000003
ultimate_oscillator,trailing_5pct,ge_500M,1,1.0,16.6788,16.6788
williams_r_oversold,atr_trail_1x,100_500M,7,0.14285714285714285,-1.504642857142857,-10.532499999999999
williams_r_oversold,atr_trail_1x,25_100M,4,0.5,5.6104,22.4416
williams_r_oversold,atr_trail_1x,5_25M,4,0.5,-2.3884,-9.5536
williams_r_oversold,atr_trail_1x,ge_500M,11,0.7272727272727273,3.1080181818181813,34.188199999999995
williams_r_oversold,atr_trail_2x,100_500M,7,0.5714285714285714,0.5682714285714285,3.9779
williams_r_oversold,atr_trail_2x,25_100M,4,0.5,3.5077749999999996,14.031099999999999
williams_r_oversold,atr_trail_2x,5_25M,4,0.5,1.907025,7.6281
williams_r_oversold,atr_trail_2x,ge_500M,11,0.6363636363636364,2.8247363636363634,31.0721
williams_r_oversold,break_even_at_1r,100_500M,7,0.0,-1.1833857142857143,-8.2837
williams_r_oversold,break_even_at_1r,25_100M,4,0.5,5.360925,21.4437
williams_r_oversold,break_even_at_1r,5_25M,4,0.25,3.651375,14.6055
williams_r_oversold,break_even_at_1r,ge_500M,11,0.2727272727272727,1.1183818181818181,12.3022
williams_r_oversold,breakeven_plus_trail,100_500M,7,0.42857142857142855,5.4516285714285715,38.1614
williams_r_oversold,breakeven_plus_trail,25_100M,4,0.75,46.5536,186.2144
williams_r_oversold,breakeven_plus_trail,5_25M,4,0.25,0.8845999999999998,3.5383999999999993
williams_r_oversold,breakeven_plus_trail,ge_500M,11,0.36363636363636365,3.582936363636364,39.4123
williams_r_oversold,class_time_stop,100_500M,7,0.7142857142857143,2.528457142857143,17.6992
williams_r_oversold,class_time_stop,25_100M,4,0.25,27.870449999999998,111.48179999999999
williams_r_oversold,class_time_stop,5_25M,4,0.5,8.38475,33.539
williams_r_oversold,class_time_stop,ge_500M,11,0.6363636363636364,5.676636363636363,62.443
williams_r_oversold,earnings_blackout,100_500M,7,0.8571428571428571,39.51698571428572,276.6189
williams_r_oversold,earnings_blackout,25_100M,4,1.0,328.75155,1315.0062
williams_r_oversold,earnings_blackout,5_25M,4,0.5,-2.1749999999999994,-8.699999999999998
williams_r_oversold,earnings_blackout,ge_500M,11,0.5454545454545454,3.597263636363636,39.5699
williams_r_oversold,fixed_4r_2r,100_500M,7,0.5714285714285714,5.233285714285714,36.632999999999996
williams_r_oversold,fixed_4r_2r,25_100M,4,0.5,9.720025,38.8801
williams_r_oversold,fixed_4r_2r,5_25M,4,0.5,2.6300749999999997,10.520299999999999
williams_r_oversold,fixed_4r_2r,ge_500M,11,0.45454545454545453,-0.37085454545454527,-4.079399999999998
williams_r_oversold,hybrid_50pct_target,100_500M,7,0.7142857142857143,2.1811714285714285,15.268199999999998
williams_r_oversold,hybrid_50pct_target,25_100M,4,0.5,3.902675,15.6107
williams_r_oversold,hybrid_50pct_target,5_25M,4,0.5,1.9922750000000002,7.969100000000001
williams_r_oversold,hybrid_50pct_target,ge_500M,11,0.7272727272727273,2.7895090909090907,30.6846
williams_r_oversold,ma_exit_ema9,100_500M,7,0.5714285714285714,0.5457428571428571,3.8201999999999994
williams_r_oversold,ma_exit_ema9,25_100M,4,0.5,-1.2232,-4.8928
williams_r_oversold,ma_exit_ema9,5_25M,4,0.5,-0.44145,-1.7658
williams_r_oversold,ma_exit_ema9,ge_500M,11,0.6363636363636364,-0.08774545454545449,-0.9651999999999994
williams_r_oversold,next_pivot_target,100_500M,7,0.7142857142857143,0.5836,4.0852
williams_r_oversold,next_pivot_target,25_100M,4,0.5,5.78315,23.1326
williams_r_oversold,next_pivot_target,5_25M,4,0.5,-1.780875,-7.1235
williams_r_oversold,next_pivot_target,ge_500M,11,0.7272727272727273,3.7940181818181817,41.7342
williams_r_oversold,r_multiple_2r,100_500M,7,0.2857142857142857,-0.499442857142857,-3.4960999999999993
williams_r_oversold,r_multiple_2r,25_100M,4,0.5,7.00065,28.0026
williams_r_oversold,r_multiple_2r,5_25M,4,0.5,1.4764499999999998,5.905799999999999
williams_r_oversold,r_multiple_2r,ge_500M,11,0.6363636363636364,5.818790909090908,64.0067
williams_r_oversold,r_multiple_3r,100_500M,7,0.2857142857142857,0.31599999999999995,2.2119999999999997
williams_r_oversold,r_multiple_3r,25_100M,4,0.5,7.96525,31.861
williams_r_oversold,r_multiple_3r,5_25M,4,0.5,3.282025,13.1281
williams_r_oversold,r_multiple_3r,ge_500M,11,0.5454545454545454,2.6579272727272727,29.2372
williams_r_oversold,regime_flip,100_500M,7,0.5714285714285714,1.7450857142857141,12.215599999999998
williams_r_oversold,regime_flip,25_100M,4,0.25,26.020925,104.0837
williams_r_oversold,regime_flip,5_25M,4,0.5,2.4936249999999998,9.974499999999999
williams_r_oversold,regime_flip,ge_500M,11,0.6363636363636364,5.1638909090909095,56.802800000000005
williams_r_oversold,time_stop_10d,100_500M,7,0.42857142857142855,1.753142857142857,12.271999999999998
williams_r_oversold,time_stop_10d,25_100M,4,0.5,18.960250000000002,75.84100000000001
williams_r_oversold,time_stop_10d,5_25M,4,0.25,0.022050000000000125,0.0882000000000005
williams_r_oversold,time_stop_10d,ge_500M,11,0.7272727272727273,6.840645454545455,75.2471
williams_r_oversold,time_stop_20d,100_500M,7,0.5714285714285714,1.7450857142857141,12.215599999999998
williams_r_oversold,time_stop_20d,25_100M,4,0.25,26.020925,104.0837
williams_r_oversold,time_stop_20d,5_25M,4,0.5,2.4936249999999998,9.974499999999999
williams_r_oversold,time_stop_20d,ge_500M,11,0.6363636363636364,5.1638909090909095,56.802800000000005
williams_r_oversold,trailing_10pct,100_500M,7,0.2857142857142857,-4.051814285714285,-28.3627
williams_r_oversold,trailing_10pct,25_100M,4,0.5,3.742975,14.9719
williams_r_oversold,trailing_10pct,5_25M,4,0.5,3.0441999999999996,12.176799999999998
williams_r_oversold,trailing_10pct,ge_500M,11,0.36363636363636365,-0.3330818181818182,-3.6639
williams_r_oversold,trailing_15pct,100_500M,7,0.42857142857142855,2.4399285714285712,17.0795
williams_r_oversold,trailing_15pct,25_100M,4,0.5,6.215574999999999,24.862299999999998
williams_r_oversold,trailing_15pct,5_25M,4,0.5,5.350275,21.4011
williams_r_oversold,trailing_15pct,ge_500M,11,0.2727272727272727,-4.397063636363637,-48.3677
williams_r_oversold,trailing_5pct,100_500M,7,0.14285714285714285,-2.1692142857142858,-15.1845
williams_r_oversold,trailing_5pct,25_100M,4,0.25,-1.95425,-7.817
williams_r_oversold,trailing_5pct,5_25M,4,0.25,-2.380025,-9.5201
williams_r_oversold,trailing_5pct,ge_500M,11,0.6363636363636364,1.9220181818181816,21.1422
