strategy,exit_method,regime_at_entry,n,win_rate,avg_pnl_pct,total_pnl_pct
avwap_252_breakout,atr_trail_1x,neutral,5,0.4,-0.1375599999999999,-0.6877999999999995
avwap_252_breakout,atr_trail_2x,neutral,5,0.2,-1.3126799999999998,-6.5634
avwap_252_breakout,atr_trail_mae_conditional,neutral,5,0.4,-0.1375599999999999,-0.6877999999999995
avwap_252_breakout,atr_trail_vix_conditional,neutral,5,0.6,0.37687999999999994,1.8843999999999996
avwap_252_breakout,break_even_at_1r,neutral,5,0.0,-1.28748,-6.437399999999999
avwap_252_breakout,breakeven_plus_trail,neutral,5,0.0,-1.2413399999999999,-6.2067
avwap_252_breakout,chandelier_3x,neutral,5,0.2,-1.2526000000000002,-6.263000000000001
avwap_252_breakout,class_time_stop,neutral,5,1.0,4.46274,22.3137
avwap_252_breakout,earnings_blackout,neutral,5,0.2,-10.820139999999999,-54.100699999999996
avwap_252_breakout,fixed_4r_2r,neutral,5,0.6,6.02298,30.1149
avwap_252_breakout,hybrid_50pct_target,neutral,5,1.0,7.176640000000001,35.8832
avwap_252_breakout,ma_exit_ema9,neutral,5,0.4,-0.7371800000000001,-3.6859
avwap_252_breakout,mfe_lockin_trail,neutral,5,0.4,0.16090000000000013,0.8045000000000007
avwap_252_breakout,multi_tier_partial,neutral,5,0.4,0.31804000000000004,1.5902000000000003
avwap_252_breakout,next_pivot_target,neutral,5,1.0,4.794359999999999,23.971799999999998
avwap_252_breakout,r_multiple_2r,neutral,5,0.6,3.1064,15.532
avwap_252_breakout,r_multiple_3r,neutral,5,0.4,2.3390400000000002,11.695200000000002
avwap_252_breakout,regime_flip,neutral,5,0.2,-2.17584,-10.879199999999999
avwap_252_breakout,reverse_signal,neutral,5,0.4,-0.1375599999999999,-0.6877999999999995
avwap_252_breakout,smc_mitigation_zone,neutral,5,0.4,-0.19845999999999991,-0.9922999999999995
avwap_252_breakout,time_stop_10d,neutral,5,0.8,2.28538,11.4269
avwap_252_breakout,time_stop_20d,neutral,5,0.2,-2.17584,-10.879199999999999
avwap_252_breakout,trailing_10pct,neutral,5,0.2,-0.91996,-4.5998
avwap_252_breakout,trailing_15pct,neutral,5,0.8,10.80404,54.0202
avwap_252_breakout,trailing_5pct,neutral,5,0.6,0.718,3.59
avwap_50_reclaim,atr_trail_1x,neutral,16,0.4375,-1.09670625,-17.5473
avwap_50_reclaim,atr_trail_2x,neutral,16,0.3125,-2.2901374999999997,-36.642199999999995
avwap_50_reclaim,atr_trail_mae_conditional,neutral,16,0.4375,-1.09670625,-17.5473
avwap_50_reclaim,atr_trail_vix_conditional,neutral,16,0.25,-1.88615625,-30.1785
avwap_50_reclaim,break_even_at_1r,neutral,16,0.125,-1.156525,-18.5044
avwap_50_reclaim,breakeven_plus_trail,neutral,16,0.25,-1.6670374999999997,-26.672599999999996
avwap_50_reclaim,chandelier_3x,neutral,16,0.3125,-2.45215,-39.2344
avwap_50_reclaim,class_time_stop,neutral,16,0.625,1.121375,17.942
avwap_50_reclaim,earnings_blackout,neutral,16,0.25,-22.950075000000002,-367.20120000000003
avwap_50_reclaim,fixed_4r_2r,neutral,16,0.3125,-1.9946125000000001,-31.913800000000002
avwap_50_reclaim,hybrid_50pct_target,neutral,16,0.9375,6.76321875,108.2115
avwap_50_reclaim,ma_exit_ema9,neutral,16,0.4375,-0.96024375,-15.3639
avwap_50_reclaim,mfe_lockin_trail,neutral,16,0.4375,-1.09670625,-17.5473
avwap_50_reclaim,multi_tier_partial,neutral,16,0.5625,-0.5065,-8.104
avwap_50_reclaim,next_pivot_target,neutral,16,0.6875,-0.29536874999999996,-4.725899999999999
avwap_50_reclaim,r_multiple_2r,neutral,16,0.3125,-1.278325,-20.4532
avwap_50_reclaim,r_multiple_3r,neutral,16,0.3125,-0.4618249999999997,-7.389199999999995
avwap_50_reclaim,regime_flip,neutral,16,0.5,-2.23603125,-35.7765
avwap_50_reclaim,reverse_signal,neutral,16,0.4375,-1.09670625,-17.5473
avwap_50_reclaim,smc_mitigation_zone,neutral,16,0.5,-1.05379375,-16.8607
avwap_50_reclaim,time_stop_10d,neutral,16,0.5625,-1.184825,-18.9572
avwap_50_reclaim,time_stop_20d,neutral,16,0.5,-2.23603125,-35.7765
avwap_50_reclaim,trailing_10pct,neutral,16,0.375,-1.4345875,-22.9534
avwap_50_reclaim,trailing_15pct,neutral,16,0.25,-4.44216875,-71.0747
avwap_50_reclaim,trailing_5pct,neutral,16,0.375,-0.18311875000000005,-2.929900000000001
bollinger_lower,atr_trail_1x,neutral,14,0.07142857142857142,-1.7803785714285714,-24.9253
bollinger_lower,atr_trail_2x,neutral,14,0.14285714285714285,-2.758835714285714,-38.6237
bollinger_lower,atr_trail_mae_conditional,neutral,14,0.07142857142857142,-1.7803785714285714,-24.9253
bollinger_lower,atr_trail_vix_conditional,neutral,14,0.07142857142857142,-2.790564285714286,-39.0679
bollinger_lower,break_even_at_1r,neutral,14,0.07142857142857142,-2.3842857142857143,-33.38
bollinger_lower,breakeven_plus_trail,neutral,14,0.14285714285714285,-2.8850357142857144,-40.3905
bollinger_lower,chandelier_3x,neutral,14,0.0,-0.15277142857142856,-2.1388
bollinger_lower,class_time_stop,neutral,14,0.35714285714285715,-3.210385714285714,-44.9454
bollinger_lower,earnings_blackout,neutral,14,0.42857142857142855,-0.8273571428571428,-11.582999999999998
bollinger_lower,fixed_4r_2r,neutral,14,0.21428571428571427,0.2688214285714289,3.763500000000004
bollinger_lower,hybrid_50pct_target,neutral,14,0.42857142857142855,-1.9065357142857142,-26.691499999999998
bollinger_lower,ma_exit_ema9,neutral,14,0.42857142857142855,-0.13645,-1.9102999999999999
bollinger_lower,mfe_lockin_trail,neutral,14,0.07142857142857142,-1.7803785714285714,-24.9253
bollinger_lower,multi_tier_partial,neutral,14,0.07142857142857142,-1.5665499999999999,-21.9317
bollinger_lower,next_pivot_target,neutral,14,0.35714285714285715,-4.115142857142858,-57.612
bollinger_lower,r_multiple_2r,neutral,14,0.07142857142857142,-2.4391714285714285,-34.1484
bollinger_lower,r_multiple_3r,neutral,14,0.07142857142857142,-2.2090214285714285,-30.9263
bollinger_lower,regime_flip,neutral,14,0.21428571428571427,-3.4982785714285716,-48.9759
bollinger_lower,reverse_signal,neutral,14,0.07142857142857142,-1.7803785714285714,-24.9253
bollinger_lower,smc_mitigation_zone,neutral,14,0.2857142857142857,-0.5391142857142858,-7.5476
bollinger_lower,time_stop_10d,neutral,14,0.2857142857142857,-3.209264285714286,-44.929700000000004
bollinger_lower,time_stop_20d,neutral,14,0.21428571428571427,-3.4982785714285716,-48.9759
bollinger_lower,trailing_10pct,neutral,14,0.2857142857142857,-4.939942857142857,-69.1592
bollinger_lower,trailing_15pct,neutral,14,0.07142857142857142,-7.545078571428571,-105.6311
bollinger_lower,trailing_5pct,neutral,14,0.0,-3.8678714285714286,-54.1502
bollinger_tight,atr_trail_1x,neutral,10,0.1,-1.55294,-15.5294
bollinger_tight,atr_trail_2x,neutral,10,0.2,-3.36024,-33.6024
bollinger_tight,atr_trail_mae_conditional,neutral,10,0.1,-1.55294,-15.5294
bollinger_tight,atr_trail_vix_conditional,neutral,10,0.1,-2.30533,-23.0533
bollinger_tight,break_even_at_1r,neutral,10,0.1,-1.3108,-13.108
bollinger_tight,breakeven_plus_trail,neutral,10,0.1,-0.30188000000000004,-3.0188000000000006
bollinger_tight,chandelier_3x,neutral,10,0.0,-0.43438999999999994,-4.3439
bollinger_tight,class_time_stop,neutral,10,0.6,-0.36070000000000013,-3.607000000000001
bollinger_tight,earnings_blackout,neutral,10,0.9,30.847860000000004,308.47860000000003
bollinger_tight,fixed_4r_2r,neutral,10,0.2,-1.44258,-14.425799999999999
bollinger_tight,hybrid_50pct_target,neutral,10,0.4,-2.8546,-28.546
bollinger_tight,ma_exit_ema9,neutral,10,0.3,-0.20123999999999995,-2.0123999999999995
bollinger_tight,mfe_lockin_trail,neutral,10,0.1,-1.28935,-12.8935
bollinger_tight,multi_tier_partial,neutral,10,0.3,-0.8568299999999999,-8.568299999999999
bollinger_tight,next_pivot_target,neutral,10,0.8,1.7363399999999998,17.3634
bollinger_tight,r_multiple_2r,neutral,10,0.3,-0.020290000000000318,-0.2029000000000032
bollinger_tight,r_multiple_3r,neutral,10,0.2,0.05080000000000009,0.5080000000000009
bollinger_tight,regime_flip,neutral,10,0.4,1.10663,11.0663
bollinger_tight,reverse_signal,neutral,10,0.1,-1.55294,-15.5294
bollinger_tight,smc_mitigation_zone,neutral,10,0.3,-0.03769999999999999,-0.3769999999999999
bollinger_tight,time_stop_10d,neutral,10,0.6,0.21280000000000018,2.128000000000002
bollinger_tight,time_stop_20d,neutral,10,0.4,1.10663,11.0663
bollinger_tight,trailing_10pct,neutral,10,0.3,-2.70233,-27.0233
bollinger_tight,trailing_15pct,neutral,10,0.2,-7.20299,-72.0299
bollinger_tight,trailing_5pct,neutral,10,0.0,-3.59157,-35.9157
cpr_narrow_bullish,atr_trail_1x,neutral,31,0.12903225806451613,-1.070825806451613,-33.1956
cpr_narrow_bullish,atr_trail_2x,neutral,31,0.4838709677419355,1.438132258064516,44.5821
cpr_narrow_bullish,atr_trail_mae_conditional,neutral,31,0.12903225806451613,-1.070825806451613,-33.1956
cpr_narrow_bullish,atr_trail_vix_conditional,neutral,31,0.0967741935483871,-1.1760032258064517,-36.4561
cpr_narrow_bullish,break_even_at_1r,neutral,31,0.0967741935483871,-0.0867645161290323,-2.689700000000001
cpr_narrow_bullish,breakeven_plus_trail,neutral,31,0.1935483870967742,0.6467225806451613,20.0484
cpr_narrow_bullish,chandelier_3x,neutral,31,0.4838709677419355,0.7137483870967741,22.126199999999997
cpr_narrow_bullish,class_time_stop,neutral,31,0.6774193548387096,2.8205612903225807,87.4374
cpr_narrow_bullish,earnings_blackout,neutral,31,0.5806451612903226,6.434687096774193,199.4753
cpr_narrow_bullish,fixed_4r_2r,neutral,31,0.3870967741935484,1.2355612903225806,38.3024
cpr_narrow_bullish,hybrid_50pct_target,neutral,31,0.6451612903225806,1.3917870967741934,43.145399999999995
cpr_narrow_bullish,ma_exit_ema9,neutral,31,0.3225806451612903,0.11098709677419359,3.440600000000001
cpr_narrow_bullish,mfe_lockin_trail,neutral,31,0.12903225806451613,-1.147458064516129,-35.5712
cpr_narrow_bullish,multi_tier_partial,neutral,31,0.41935483870967744,-0.5465064516129032,-16.9417
cpr_narrow_bullish,next_pivot_target,neutral,31,0.6451612903225806,0.08339354838709684,2.585200000000002
cpr_narrow_bullish,r_multiple_2r,neutral,31,0.45161290322580644,1.2682225806451612,39.3149
cpr_narrow_bullish,r_multiple_3r,neutral,31,0.3548387096774194,1.1502451612903226,35.6576
cpr_narrow_bullish,regime_flip,neutral,31,0.6451612903225806,3.5603483870967745,110.3708
cpr_narrow_bullish,reverse_signal,neutral,31,0.12903225806451613,-1.070825806451613,-33.1956
cpr_narrow_bullish,smc_mitigation_zone,neutral,31,0.2903225806451613,-0.48142258064516125,-14.9241
cpr_narrow_bullish,time_stop_10d,neutral,31,0.5483870967741935,0.964841935483871,29.9101
cpr_narrow_bullish,time_stop_20d,neutral,31,0.6451612903225806,3.5603483870967745,110.3708
cpr_narrow_bullish,trailing_10pct,neutral,31,0.41935483870967744,0.7055129032258065,21.870900000000002
cpr_narrow_bullish,trailing_15pct,neutral,31,0.3548387096774194,0.21378064516129006,6.627199999999991
cpr_narrow_bullish,trailing_5pct,neutral,31,0.45161290322580644,0.7978677419354838,24.7339
monthly_bias_momentum_long,atr_trail_1x,neutral,17,0.23529411764705882,-0.5522941176470589,-9.389000000000001
monthly_bias_momentum_long,atr_trail_2x,neutral,17,0.47058823529411764,0.3739764705882353,6.3576
monthly_bias_momentum_long,atr_trail_mae_conditional,neutral,17,0.23529411764705882,-0.5522941176470589,-9.389000000000001
monthly_bias_momentum_long,atr_trail_vix_conditional,neutral,17,0.17647058823529413,-0.7289470588235295,-12.392100000000001
monthly_bias_momentum_long,break_even_at_1r,neutral,17,0.17647058823529413,-1.2327705882352942,-20.9571
monthly_bias_momentum_long,breakeven_plus_trail,neutral,17,0.4117647058823529,4.571605882352941,77.7173
monthly_bias_momentum_long,chandelier_3x,neutral,17,0.4117647058823529,0.5591764705882353,9.506
monthly_bias_momentum_long,class_time_stop,neutral,17,0.5882352941176471,1.1048117647058824,18.7818
monthly_bias_momentum_long,earnings_blackout,neutral,17,0.5294117647058824,7.852535294117647,133.4931
monthly_bias_momentum_long,fixed_4r_2r,neutral,17,0.35294117647058826,-0.13969411764705886,-2.3748000000000005
monthly_bias_momentum_long,hybrid_50pct_target,neutral,17,0.6470588235294118,2.6918764705882356,45.761900000000004
monthly_bias_momentum_long,ma_exit_ema9,neutral,17,0.35294117647058826,-0.08551764705882346,-1.4537999999999989
monthly_bias_momentum_long,mfe_lockin_trail,neutral,17,0.23529411764705882,-0.6538058823529412,-11.114700000000001
monthly_bias_momentum_long,multi_tier_partial,neutral,17,0.29411764705882354,-0.9597411764705882,-16.3156
monthly_bias_momentum_long,next_pivot_target,neutral,17,0.6470588235294118,-0.5067352941176472,-8.614500000000001
monthly_bias_momentum_long,r_multiple_2r,neutral,17,0.29411764705882354,-0.4655823529411765,-7.9149
monthly_bias_momentum_long,r_multiple_3r,neutral,17,0.23529411764705882,-0.5366000000000001,-9.122200000000001
monthly_bias_momentum_long,regime_flip,neutral,17,0.7058823529411765,2.6602882352941175,45.2249
monthly_bias_momentum_long,reverse_signal,neutral,17,0.23529411764705882,-0.5522941176470589,-9.389000000000001
monthly_bias_momentum_long,smc_mitigation_zone,neutral,17,0.23529411764705882,-0.4408882352941177,-7.495100000000001
monthly_bias_momentum_long,time_stop_10d,neutral,17,0.5882352941176471,1.8042529411764705,30.6723
monthly_bias_momentum_long,time_stop_20d,neutral,17,0.7058823529411765,2.6602882352941175,45.2249
monthly_bias_momentum_long,trailing_10pct,neutral,17,0.47058823529411764,4.204694117647058,71.4798
monthly_bias_momentum_long,trailing_15pct,neutral,17,0.4117647058823529,3.199052941176471,54.383900000000004
monthly_bias_momentum_long,trailing_5pct,neutral,17,0.4117647058823529,0.7960588235294118,13.533000000000001
po3_bearish,atr_trail_1x,neutral,13,0.3076923076923077,-1.4559384615384614,-18.9272
po3_bearish,atr_trail_2x,neutral,13,0.3076923076923077,-2.076023076923077,-26.9883
po3_bearish,atr_trail_mae_conditional,neutral,13,0.3076923076923077,-1.4559384615384614,-18.9272
po3_bearish,atr_trail_vix_conditional,neutral,13,0.23076923076923078,-1.3985076923076922,-18.1806
po3_bearish,break_even_at_1r,neutral,13,0.07692307692307693,-1.7951923076923075,-23.3375
po3_bearish,breakeven_plus_trail,neutral,13,0.23076923076923078,-0.7633923076923078,-9.924100000000001
po3_bearish,chandelier_3x,neutral,13,0.23076923076923078,-1.6633153846153843,-21.623099999999997
po3_bearish,class_time_stop,neutral,13,0.15384615384615385,-7.653592307692308,-99.4967
po3_bearish,earnings_blackout,neutral,13,0.38461538461538464,-20.313615384615385,-264.077
po3_bearish,fixed_4r_2r,neutral,13,0.23076923076923078,-1.4395615384615386,-18.7143
po3_bearish,hybrid_50pct_target,neutral,13,0.6153846153846154,-12.23783076923077,-159.0918
po3_bearish,ma_exit_ema9,neutral,13,0.23076923076923078,-0.10549230769230765,-1.3713999999999995
po3_bearish,mfe_lockin_trail,neutral,13,0.3076923076923077,-1.4559384615384614,-18.9272
po3_bearish,multi_tier_partial,neutral,13,0.38461538461538464,-0.9626461538461538,-12.5144
po3_bearish,next_pivot_target,neutral,13,0.6153846153846154,-3.1594076923076924,-41.0723
po3_bearish,r_multiple_2r,neutral,13,0.23076923076923078,-0.9461692307692308,-12.3002
po3_bearish,r_multiple_3r,neutral,13,0.07692307692307693,-1.4139384615384616,-18.3812
po3_bearish,regime_flip,neutral,13,0.23076923076923078,-7.354415384615384,-95.6074
po3_bearish,reverse_signal,neutral,13,0.3076923076923077,-1.4559384615384614,-18.9272
po3_bearish,smc_mitigation_zone,neutral,13,0.38461538461538464,-1.3673,-17.7749
po3_bearish,time_stop_10d,neutral,13,0.3076923076923077,-3.2163923076923076,-41.8131
po3_bearish,time_stop_20d,neutral,13,0.23076923076923078,-7.354415384615384,-95.6074
po3_bearish,trailing_10pct,neutral,13,0.23076923076923078,-3.327946153846154,-43.2633
po3_bearish,trailing_15pct,neutral,13,0.46153846153846156,-1.8531461538461538,-24.090899999999998
po3_bearish,trailing_5pct,neutral,13,0.23076923076923078,-2.1596076923076923,-28.0749
po3_bullish,atr_trail_1x,neutral,20,0.4,-0.62921,-12.584200000000001
po3_bullish,atr_trail_2x,neutral,20,0.35,-1.401215,-28.0243
po3_bullish,atr_trail_mae_conditional,neutral,20,0.4,-0.62921,-12.584200000000001
po3_bullish,atr_trail_vix_conditional,neutral,20,0.15,-1.09817,-21.9634
po3_bullish,break_even_at_1r,neutral,20,0.1,-1.615135,-32.3027
po3_bullish,breakeven_plus_trail,neutral,20,0.15,-0.7214450000000002,-14.428900000000004
po3_bullish,chandelier_3x,neutral,20,0.2,-1.761055,-35.2211
po3_bullish,class_time_stop,neutral,20,0.65,1.7339849999999999,34.6797
po3_bullish,earnings_blackout,neutral,20,0.6,10.37459,207.49179999999998
po3_bullish,fixed_4r_2r,neutral,20,0.3,-0.5775399999999998,-11.550799999999997
po3_bullish,hybrid_50pct_target,neutral,20,0.75,1.037225,20.744500000000002
po3_bullish,ma_exit_ema9,neutral,20,0.6,0.28436,5.6872
po3_bullish,mfe_lockin_trail,neutral,20,0.4,-0.43597,-8.7194
po3_bullish,multi_tier_partial,neutral,20,0.4,-0.44488000000000005,-8.8976
po3_bullish,next_pivot_target,neutral,20,0.9,1.070475,21.4095
po3_bullish,r_multiple_2r,neutral,20,0.45,0.49528,9.9056
po3_bullish,r_multiple_3r,neutral,20,0.25,-0.699865,-13.9973
po3_bullish,regime_flip,neutral,20,0.65,0.09691999999999994,1.9383999999999988
po3_bullish,reverse_signal,neutral,20,0.4,-0.62921,-12.584200000000001
po3_bullish,smc_mitigation_zone,neutral,20,0.5,-0.320805,-6.4161
po3_bullish,time_stop_10d,neutral,20,0.55,-0.8412099999999999,-16.824199999999998
po3_bullish,time_stop_20d,neutral,20,0.65,0.09691999999999994,1.9383999999999988
po3_bullish,trailing_10pct,neutral,20,0.3,-1.7025200000000003,-34.0504
po3_bullish,trailing_15pct,neutral,20,0.4,-0.8156800000000001,-16.3136
po3_bullish,trailing_5pct,neutral,20,0.35,-1.29622,-25.9244
smc_choch_reversal,atr_trail_1x,neutral,7,0.2857142857142857,-0.49732857142857145,-3.4813
smc_choch_reversal,atr_trail_2x,neutral,7,0.2857142857142857,0.03271428571428571,0.22899999999999998
smc_choch_reversal,atr_trail_mae_conditional,neutral,7,0.2857142857142857,-0.49732857142857145,-3.4813
smc_choch_reversal,atr_trail_vix_conditional,neutral,7,0.14285714285714285,-1.4233714285714285,-9.9636
smc_choch_reversal,break_even_at_1r,neutral,7,0.0,-0.9962428571428571,-6.9737
smc_choch_reversal,breakeven_plus_trail,neutral,7,0.2857142857142857,1.8931285714285713,13.2519
smc_choch_reversal,chandelier_3x,neutral,7,0.2857142857142857,-0.7834000000000002,-5.483800000000001
smc_choch_reversal,class_time_stop,neutral,7,0.2857142857142857,-9.141142857142858,-63.98800000000001
smc_choch_reversal,earnings_blackout,neutral,7,0.7142857142857143,1.6052285714285703,11.236599999999992
smc_choch_reversal,fixed_4r_2r,neutral,7,0.14285714285714285,-2.4391285714285718,-17.073900000000002
smc_choch_reversal,hybrid_50pct_target,neutral,7,0.5714285714285714,-7.061671428571429,-49.4317
smc_choch_reversal,ma_exit_ema9,neutral,7,0.2857142857142857,-0.5106285714285713,-3.5743999999999994
smc_choch_reversal,mfe_lockin_trail,neutral,7,0.2857142857142857,-0.45477142857142855,-3.1834
smc_choch_reversal,multi_tier_partial,neutral,7,0.5714285714285714,0.052671428571428626,0.36870000000000036
smc_choch_reversal,next_pivot_target,neutral,7,0.7142857142857143,-1.0353428571428571,-7.2474
smc_choch_reversal,r_multiple_2r,neutral,7,0.14285714285714285,-1.3402857142857143,-9.382
smc_choch_reversal,r_multiple_3r,neutral,7,0.14285714285714285,-0.9432142857142857,-6.6025
smc_choch_reversal,regime_flip,neutral,7,0.42857142857142855,-4.190485714285715,-29.3334
smc_choch_reversal,reverse_signal,neutral,7,0.2857142857142857,-0.49732857142857145,-3.4813
smc_choch_reversal,smc_mitigation_zone,neutral,7,0.42857142857142855,-0.4035285714285715,-2.8247000000000004
smc_choch_reversal,time_stop_10d,neutral,7,0.42857142857142855,-0.7581428571428571,-5.3069999999999995
smc_choch_reversal,time_stop_20d,neutral,7,0.42857142857142855,-4.190485714285715,-29.3334
smc_choch_reversal,trailing_10pct,neutral,7,0.2857142857142857,-0.6687714285714287,-4.681400000000001
smc_choch_reversal,trailing_15pct,neutral,7,0.42857142857142855,-1.1150285714285715,-7.8052
smc_choch_reversal,trailing_5pct,neutral,7,0.2857142857142857,0.09771428571428566,0.6839999999999996
stochrsi_oversold,atr_trail_1x,neutral,5,0.6,0.2564,1.282
stochrsi_oversold,atr_trail_2x,neutral,5,0.0,-0.72644,-3.6322
stochrsi_oversold,atr_trail_mae_conditional,neutral,5,0.6,0.2564,1.282
stochrsi_oversold,atr_trail_vix_conditional,neutral,5,0.8,0.15461999999999998,0.7730999999999999
stochrsi_oversold,break_even_at_1r,neutral,5,0.0,-0.31678,-1.5839
stochrsi_oversold,breakeven_plus_trail,neutral,5,0.0,0.0,0.0
stochrsi_oversold,chandelier_3x,neutral,5,0.0,-0.18095999999999998,-0.9047999999999999
stochrsi_oversold,class_time_stop,neutral,5,0.8,0.5339599999999998,2.6697999999999986
stochrsi_oversold,earnings_blackout,neutral,5,0.8,25.893819999999998,129.4691
stochrsi_oversold,fixed_4r_2r,neutral,5,0.6,4.01154,20.0577
stochrsi_oversold,hybrid_50pct_target,neutral,5,0.8,4.43392,22.1696
stochrsi_oversold,ma_exit_ema9,neutral,5,1.0,1.37494,6.8747
stochrsi_oversold,mfe_lockin_trail,neutral,5,0.6,0.281,1.405
stochrsi_oversold,multi_tier_partial,neutral,5,0.6,0.64814,3.2407000000000004
stochrsi_oversold,next_pivot_target,neutral,5,1.0,2.91804,14.5902
stochrsi_oversold,r_multiple_2r,neutral,5,0.6,2.05634,10.2817
stochrsi_oversold,r_multiple_3r,neutral,5,0.4,2.17556,10.8778
stochrsi_oversold,regime_flip,neutral,5,0.6,0.32118,1.6059
stochrsi_oversold,reverse_signal,neutral,5,0.6,0.2564,1.282
stochrsi_oversold,smc_mitigation_zone,neutral,5,0.6,0.21116000000000001,1.0558
stochrsi_oversold,time_stop_10d,neutral,5,0.8,4.68844,23.4422
stochrsi_oversold,time_stop_20d,neutral,5,0.6,0.32118,1.6059
stochrsi_oversold,trailing_10pct,neutral,5,0.6,2.1369,10.6845
stochrsi_oversold,trailing_15pct,neutral,5,0.2,3.086280000000001,15.431400000000004
stochrsi_oversold,trailing_5pct,neutral,5,0.4,-0.56226,-2.8113
xs_momentum_top_decile,atr_trail_1x,neutral,9,0.0,-2.4761888888888888,-22.2857
xs_momentum_top_decile,atr_trail_2x,neutral,9,0.3333333333333333,-2.7090111111111113,-24.3811
xs_momentum_top_decile,atr_trail_mae_conditional,neutral,9,0.0,-2.4761888888888888,-22.2857
xs_momentum_top_decile,atr_trail_vix_conditional,neutral,9,0.0,-2.5062444444444445,-22.5562
xs_momentum_top_decile,break_even_at_1r,neutral,9,0.0,-2.4542111111111113,-22.0879
xs_momentum_top_decile,breakeven_plus_trail,neutral,9,0.1111111111111111,2.4618555555555557,22.1567
xs_momentum_top_decile,chandelier_3x,neutral,9,0.1111111111111111,2.4011,21.6099
xs_momentum_top_decile,class_time_stop,neutral,9,0.7777777777777778,8.112311111111111,73.0108
xs_momentum_top_decile,earnings_blackout,neutral,9,0.6666666666666666,26.350344444444445,237.1531
xs_momentum_top_decile,fixed_4r_2r,neutral,9,0.2222222222222222,1.0553444444444449,9.498100000000004
xs_momentum_top_decile,hybrid_50pct_target,neutral,9,0.6666666666666666,2.675077777777778,24.0757
xs_momentum_top_decile,ma_exit_ema9,neutral,9,0.1111111111111111,-1.7204333333333333,-15.4839
xs_momentum_top_decile,mfe_lockin_trail,neutral,9,0.0,-2.4761888888888888,-22.2857
xs_momentum_top_decile,multi_tier_partial,neutral,9,0.1111111111111111,-2.2547777777777775,-20.293
xs_momentum_top_decile,next_pivot_target,neutral,9,0.6666666666666666,-1.7658999999999998,-15.893099999999999
xs_momentum_top_decile,r_multiple_2r,neutral,9,0.1111111111111111,-1.8183555555555557,-16.3652
xs_momentum_top_decile,r_multiple_3r,neutral,9,0.1111111111111111,-1.5214666666666665,-13.6932
xs_momentum_top_decile,regime_flip,neutral,9,0.6666666666666666,4.840277777777778,43.5625
xs_momentum_top_decile,reverse_signal,neutral,9,0.0,-2.4761888888888888,-22.2857
xs_momentum_top_decile,smc_mitigation_zone,neutral,9,0.0,-1.8533666666666666,-16.6803
xs_momentum_top_decile,time_stop_10d,neutral,9,0.4444444444444444,-0.6075111111111111,-5.4676
xs_momentum_top_decile,time_stop_20d,neutral,9,0.6666666666666666,4.840277777777778,43.5625
xs_momentum_top_decile,trailing_10pct,neutral,9,0.2222222222222222,0.15604444444444404,1.4043999999999963
xs_momentum_top_decile,trailing_15pct,neutral,9,0.5555555555555556,4.668611111111111,42.0175
xs_momentum_top_decile,trailing_5pct,neutral,9,0.2222222222222222,-2.8985666666666665,-26.0871
