strategy,exit_method,circuit_breaker_active_during_hold,n,win_rate,avg_pnl_pct,total_pnl_pct
avwap_50_reclaim,atr_trail_1x,no_data,20,0.25,-1.8290099999999998,-36.5802
avwap_50_reclaim,atr_trail_2x,no_data,20,0.35,-2.5673450000000004,-51.346900000000005
avwap_50_reclaim,atr_trail_mae_conditional,no_data,20,0.25,-1.8290099999999998,-36.5802
avwap_50_reclaim,atr_trail_vix_conditional,no_data,20,0.25,-1.53538,-30.7076
avwap_50_reclaim,break_even_at_1r,no_data,20,0.15,-1.8835899999999999,-37.6718
avwap_50_reclaim,breakeven_plus_trail,no_data,20,0.25,-1.817925,-36.3585
avwap_50_reclaim,chandelier_3x,no_data,20,0.35,-3.179275,-63.5855
avwap_50_reclaim,class_time_stop,no_data,20,0.5,-9.057965,-181.1593
avwap_50_reclaim,earnings_blackout,no_data,20,0.35,-53.571175000000004,-1071.4235
avwap_50_reclaim,fixed_4r_2r,no_data,20,0.3,-3.479345,-69.5869
avwap_50_reclaim,hybrid_50pct_target,no_data,20,0.55,-40.237565000000004,-804.7513
avwap_50_reclaim,ma_exit_ema9,no_data,20,0.35,-1.7990400000000002,-35.9808
avwap_50_reclaim,mfe_lockin_trail,no_data,20,0.25,-1.8999549999999998,-37.9991
avwap_50_reclaim,multi_tier_partial,no_data,20,0.35,-1.5074100000000001,-30.148200000000003
avwap_50_reclaim,next_pivot_target,no_data,20,0.55,-3.29933,-65.9866
avwap_50_reclaim,r_multiple_2r,no_data,20,0.3,-1.6270999999999998,-32.541999999999994
avwap_50_reclaim,r_multiple_3r,no_data,20,0.25,-1.890815,-37.8163
avwap_50_reclaim,regime_flip,no_data,20,0.55,-7.9386849999999995,-158.7737
avwap_50_reclaim,reverse_signal,no_data,20,0.25,-1.8290099999999998,-36.5802
avwap_50_reclaim,smc_mitigation_zone,no_data,20,0.25,-1.566995,-31.3399
avwap_50_reclaim,time_stop_10d,no_data,20,0.35,-3.6844499999999996,-73.689
avwap_50_reclaim,time_stop_20d,no_data,20,0.55,-7.9386849999999995,-158.7737
avwap_50_reclaim,trailing_10pct,no_data,20,0.3,-3.4542949999999997,-69.0859
avwap_50_reclaim,trailing_15pct,no_data,20,0.3,-4.63416,-92.68319999999999
avwap_50_reclaim,trailing_5pct,no_data,20,0.35,-1.22296,-24.4592
cpr_narrow_bullish,atr_trail_1x,no_data,25,0.24,-1.547356,-38.6839
cpr_narrow_bullish,atr_trail_2x,no_data,25,0.36,0.266448,6.6612
cpr_narrow_bullish,atr_trail_mae_conditional,no_data,25,0.24,-1.547356,-38.6839
cpr_narrow_bullish,atr_trail_vix_conditional,no_data,25,0.16,-1.302512,-32.562799999999996
cpr_narrow_bullish,break_even_at_1r,no_data,25,0.04,-0.40926,-10.2315
cpr_narrow_bullish,breakeven_plus_trail,no_data,25,0.24,1.4028639999999999,35.0716
cpr_narrow_bullish,chandelier_3x,no_data,25,0.32,-0.42661599999999994,-10.665399999999998
cpr_narrow_bullish,class_time_stop,no_data,25,0.44,-1.21592,-30.397999999999996
cpr_narrow_bullish,earnings_blackout,no_data,25,0.44,-12.684216000000001,-317.10540000000003
cpr_narrow_bullish,fixed_4r_2r,no_data,25,0.32,-0.22643600000000003,-5.660900000000001
cpr_narrow_bullish,hybrid_50pct_target,no_data,25,0.52,-22.69156,-567.289
cpr_narrow_bullish,ma_exit_ema9,no_data,25,0.48,0.580244,14.5061
cpr_narrow_bullish,mfe_lockin_trail,no_data,25,0.24,-1.510496,-37.7624
cpr_narrow_bullish,multi_tier_partial,no_data,25,0.48,-0.879932,-21.9983
cpr_narrow_bullish,next_pivot_target,no_data,25,0.72,0.651584,16.2896
cpr_narrow_bullish,r_multiple_2r,no_data,25,0.28,-0.9485000000000001,-23.712500000000002
cpr_narrow_bullish,r_multiple_3r,no_data,25,0.16,-1.351356,-33.7839
cpr_narrow_bullish,regime_flip,no_data,25,0.32,-1.6635600000000001,-41.589000000000006
cpr_narrow_bullish,reverse_signal,no_data,25,0.24,-1.547356,-38.6839
cpr_narrow_bullish,smc_mitigation_zone,no_data,25,0.36,-0.930496,-23.2624
cpr_narrow_bullish,time_stop_10d,no_data,25,0.52,0.483732,12.0933
cpr_narrow_bullish,time_stop_20d,no_data,25,0.32,-1.6635600000000001,-41.589000000000006
cpr_narrow_bullish,trailing_10pct,no_data,25,0.32,-1.163628,-29.090700000000005
cpr_narrow_bullish,trailing_15pct,no_data,25,0.2,-4.63786,-115.9465
cpr_narrow_bullish,trailing_5pct,no_data,25,0.32,-0.6801200000000001,-17.003
cpr_narrow_momentum,atr_trail_1x,no_data,5,0.0,-3.3721599999999996,-16.860799999999998
cpr_narrow_momentum,atr_trail_2x,no_data,5,0.0,-5.36332,-26.8166
cpr_narrow_momentum,atr_trail_mae_conditional,no_data,5,0.0,-3.3721599999999996,-16.860799999999998
cpr_narrow_momentum,atr_trail_vix_conditional,no_data,5,0.0,-3.71212,-18.5606
cpr_narrow_momentum,break_even_at_1r,no_data,5,0.0,-3.336,-16.68
cpr_narrow_momentum,breakeven_plus_trail,no_data,5,0.0,-4.4307,-22.1535
cpr_narrow_momentum,chandelier_3x,no_data,5,0.0,-3.47732,-17.3866
cpr_narrow_momentum,class_time_stop,no_data,5,0.2,-4.6716,-23.358
cpr_narrow_momentum,earnings_blackout,no_data,5,0.4,-2.5720399999999994,-12.860199999999997
cpr_narrow_momentum,fixed_4r_2r,no_data,5,0.0,-5.72368,-28.6184
cpr_narrow_momentum,hybrid_50pct_target,no_data,5,0.6,-4.00414,-20.020699999999998
cpr_narrow_momentum,ma_exit_ema9,no_data,5,0.0,-1.8630600000000002,-9.3153
cpr_narrow_momentum,mfe_lockin_trail,no_data,5,0.0,-3.3721599999999996,-16.860799999999998
cpr_narrow_momentum,multi_tier_partial,no_data,5,0.2,-3.18694,-15.9347
cpr_narrow_momentum,next_pivot_target,no_data,5,0.2,-5.63414,-28.1707
cpr_narrow_momentum,r_multiple_2r,no_data,5,0.0,-3.72256,-18.6128
cpr_narrow_momentum,r_multiple_3r,no_data,5,0.0,-3.72256,-18.6128
cpr_narrow_momentum,regime_flip,no_data,5,0.2,-4.459560000000001,-22.297800000000002
cpr_narrow_momentum,reverse_signal,no_data,5,0.0,-3.3721599999999996,-16.860799999999998
cpr_narrow_momentum,smc_mitigation_zone,no_data,5,0.2,-3.0206,-15.103
cpr_narrow_momentum,time_stop_10d,no_data,5,0.0,-4.48526,-22.4263
cpr_narrow_momentum,time_stop_20d,no_data,5,0.2,-4.459560000000001,-22.297800000000002
cpr_narrow_momentum,trailing_10pct,no_data,5,0.4,-1.5340200000000004,-7.6701000000000015
cpr_narrow_momentum,trailing_15pct,no_data,5,0.4,-1.7284,-8.642
cpr_narrow_momentum,trailing_5pct,no_data,5,0.0,-5.03822,-25.1911
cup_and_handle_long,atr_trail_1x,no_data,21,0.09523809523809523,-0.9985047619047618,-20.9686
cup_and_handle_long,atr_trail_2x,no_data,21,0.5238095238095238,1.7479666666666664,36.7073
cup_and_handle_long,atr_trail_mae_conditional,no_data,21,0.09523809523809523,-0.9985047619047618,-20.9686
cup_and_handle_long,atr_trail_vix_conditional,no_data,21,0.3333333333333333,0.7265190476190476,15.2569
cup_and_handle_long,break_even_at_1r,no_data,21,0.09523809523809523,-0.17319523809523804,-3.637099999999999
cup_and_handle_long,breakeven_plus_trail,no_data,21,0.5238095238095238,10.114714285714285,212.409
cup_and_handle_long,chandelier_3x,no_data,21,0.47619047619047616,4.488785714285714,94.2645
cup_and_handle_long,class_time_stop,no_data,21,0.6666666666666666,4.8474,101.7954
cup_and_handle_long,earnings_blackout,no_data,21,0.8095238095238095,23.24487142857143,488.1423
cup_and_handle_long,fixed_4r_2r,no_data,21,0.6190476190476191,3.818809523809524,80.19500000000001
cup_and_handle_long,hybrid_50pct_target,no_data,21,0.7619047619047619,5.332123809523809,111.9746
cup_and_handle_long,ma_exit_ema9,no_data,21,0.2857142857142857,0.5887238095238095,12.3632
cup_and_handle_long,mfe_lockin_trail,no_data,21,0.09523809523809523,-0.9985047619047618,-20.9686
cup_and_handle_long,multi_tier_partial,no_data,21,0.19047619047619047,-0.8192190476190477,-17.2036
cup_and_handle_long,next_pivot_target,no_data,21,0.8571428571428571,1.3339095238095238,28.0121
cup_and_handle_long,r_multiple_2r,no_data,21,0.3333333333333333,0.11768095238095244,2.471300000000001
cup_and_handle_long,r_multiple_3r,no_data,21,0.3333333333333333,0.7597952380952381,15.9557
cup_and_handle_long,regime_flip,no_data,21,0.6666666666666666,3.412728571428571,71.6673
cup_and_handle_long,reverse_signal,no_data,21,0.09523809523809523,-0.9985047619047618,-20.9686
cup_and_handle_long,smc_mitigation_zone,no_data,21,0.19047619047619047,-0.8536761904761905,-17.9272
cup_and_handle_long,time_stop_10d,no_data,21,0.6666666666666666,1.229857142857143,25.827
cup_and_handle_long,time_stop_20d,no_data,21,0.6666666666666666,3.412728571428571,71.6673
cup_and_handle_long,trailing_10pct,no_data,21,0.6666666666666666,8.105685714285713,170.21939999999998
cup_and_handle_long,trailing_15pct,no_data,21,0.7619047619047619,11.283842857142858,236.9607
cup_and_handle_long,trailing_5pct,no_data,21,0.5238095238095238,4.7564714285714285,99.88589999999999
double_bottom_long,atr_trail_1x,no_data,21,0.2857142857142857,-0.884652380952381,-18.5777
double_bottom_long,atr_trail_2x,no_data,21,0.3333333333333333,-0.30964285714285716,-6.5025
double_bottom_long,atr_trail_mae_conditional,no_data,21,0.2857142857142857,-0.884652380952381,-18.5777
double_bottom_long,atr_trail_vix_conditional,no_data,21,0.2857142857142857,-0.3770619047619047,-7.9182999999999995
double_bottom_long,break_even_at_1r,no_data,21,0.047619047619047616,-0.6531666666666667,-13.7165
double_bottom_long,breakeven_plus_trail,no_data,21,0.14285714285714285,0.8187523809523809,17.1938
double_bottom_long,chandelier_3x,no_data,21,0.23809523809523808,0.5770428571428571,12.117899999999999
double_bottom_long,class_time_stop,no_data,21,0.5238095238095238,0.4382380952380952,9.203
double_bottom_long,earnings_blackout,no_data,21,0.47619047619047616,12.597004761904762,264.5371
double_bottom_long,fixed_4r_2r,no_data,21,0.3333333333333333,0.2743428571428571,5.761199999999999
double_bottom_long,hybrid_50pct_target,no_data,21,0.5238095238095238,1.063,22.323
double_bottom_long,ma_exit_ema9,no_data,21,0.2857142857142857,-0.6042380952380951,-12.688999999999998
double_bottom_long,mfe_lockin_trail,no_data,21,0.3333333333333333,-0.8228380952380951,-17.2796
double_bottom_long,multi_tier_partial,no_data,21,0.38095238095238093,-0.6022190476190475,-12.6466
double_bottom_long,next_pivot_target,no_data,21,0.5714285714285714,-0.30156190476190475,-6.3328
double_bottom_long,r_multiple_2r,no_data,21,0.23809523809523808,-0.6962095238095238,-14.6204
double_bottom_long,r_multiple_3r,no_data,21,0.19047619047619047,-0.5655523809523809,-11.8766
double_bottom_long,regime_flip,no_data,21,0.47619047619047616,0.5451714285714286,11.448600000000003
double_bottom_long,reverse_signal,no_data,21,0.2857142857142857,-0.884652380952381,-18.5777
double_bottom_long,smc_mitigation_zone,no_data,21,0.2857142857142857,-0.884404761904762,-18.5725
double_bottom_long,time_stop_10d,no_data,21,0.5238095238095238,-0.05471428571428579,-1.1490000000000016
double_bottom_long,time_stop_20d,no_data,21,0.47619047619047616,0.5451714285714286,11.448600000000003
double_bottom_long,trailing_10pct,no_data,21,0.2857142857142857,0.4262380952380951,8.950999999999997
double_bottom_long,trailing_15pct,no_data,21,0.2857142857142857,5.462085714285714,114.7038
double_bottom_long,trailing_5pct,no_data,21,0.2857142857142857,-0.7710333333333336,-16.191700000000004
halloween_seasonal_long,atr_trail_1x,no_data,23,0.21739130434782608,-0.7501869565217392,-17.2543
halloween_seasonal_long,atr_trail_2x,no_data,23,0.6086956521739131,4.078208695652174,93.7988
halloween_seasonal_long,atr_trail_mae_conditional,no_data,23,0.21739130434782608,-0.7501869565217392,-17.2543
halloween_seasonal_long,atr_trail_vix_conditional,no_data,23,0.2608695652173913,-0.2947695652173913,-6.7797
halloween_seasonal_long,break_even_at_1r,no_data,23,0.17391304347826086,5.575717391304348,128.2415
halloween_seasonal_long,breakeven_plus_trail,no_data,23,0.43478260869565216,10.7806,247.9538
halloween_seasonal_long,chandelier_3x,no_data,23,0.5217391304347826,19.80036956521739,455.4085
halloween_seasonal_long,class_time_stop,no_data,23,0.5652173913043478,5.079265217391304,116.8231
halloween_seasonal_long,earnings_blackout,no_data,23,0.782608695652174,106.70380869565219,2454.1876
halloween_seasonal_long,fixed_4r_2r,no_data,23,0.6086956521739131,5.355334782608695,123.17269999999999
halloween_seasonal_long,hybrid_50pct_target,no_data,23,0.6956521739130435,9.710965217391305,223.3522
halloween_seasonal_long,ma_exit_ema9,no_data,23,0.5217391304347826,2.215573913043478,50.9582
halloween_seasonal_long,mfe_lockin_trail,no_data,23,0.21739130434782608,-0.9680478260869565,-22.2651
halloween_seasonal_long,multi_tier_partial,no_data,23,0.30434782608695654,-0.6952391304347827,-15.9905
halloween_seasonal_long,next_pivot_target,no_data,23,0.782608695652174,1.4945739130434783,34.3752
halloween_seasonal_long,r_multiple_2r,no_data,23,0.4782608695652174,0.9316826086956521,21.4287
halloween_seasonal_long,r_multiple_3r,no_data,23,0.43478260869565216,1.6706695652173915,38.4254
halloween_seasonal_long,regime_flip,no_data,23,0.6086956521739131,4.577291304347826,105.2777
halloween_seasonal_long,reverse_signal,no_data,23,0.21739130434782608,-0.7501869565217392,-17.2543
halloween_seasonal_long,smc_mitigation_zone,no_data,23,0.30434782608695654,-0.5781608695652174,-13.297699999999999
halloween_seasonal_long,time_stop_10d,no_data,23,0.6086956521739131,2.2726347826086957,52.2706
halloween_seasonal_long,time_stop_20d,no_data,23,0.6086956521739131,4.577291304347826,105.2777
halloween_seasonal_long,trailing_10pct,no_data,23,0.6521739130434783,14.193578260869565,326.4523
halloween_seasonal_long,trailing_15pct,no_data,23,0.7391304347826086,25.967682608695654,597.2567
halloween_seasonal_long,trailing_5pct,no_data,23,0.4782608695652174,-0.2512826086956521,-5.779499999999999
head_and_shoulders_bottom_long,atr_trail_1x,no_data,9,0.4444444444444444,0.05592222222222219,0.5032999999999997
head_and_shoulders_bottom_long,atr_trail_2x,no_data,9,0.3333333333333333,1.5545777777777778,13.991200000000001
head_and_shoulders_bottom_long,atr_trail_mae_conditional,no_data,9,0.4444444444444444,0.05592222222222219,0.5032999999999997
head_and_shoulders_bottom_long,atr_trail_vix_conditional,no_data,9,0.4444444444444444,-0.11312222222222228,-1.0181000000000004
head_and_shoulders_bottom_long,break_even_at_1r,no_data,9,0.2222222222222222,2.7828333333333335,25.0455
head_and_shoulders_bottom_long,breakeven_plus_trail,no_data,9,0.3333333333333333,4.272155555555555,38.4494
head_and_shoulders_bottom_long,chandelier_3x,no_data,9,0.3333333333333333,1.474888888888889,13.274000000000001
head_and_shoulders_bottom_long,class_time_stop,no_data,9,0.3333333333333333,1.4660222222222223,13.1942
head_and_shoulders_bottom_long,earnings_blackout,no_data,9,0.4444444444444444,3.011944444444444,27.107499999999998
head_and_shoulders_bottom_long,fixed_4r_2r,no_data,9,0.3333333333333333,-0.021966666666666593,-0.19769999999999932
head_and_shoulders_bottom_long,hybrid_50pct_target,no_data,9,0.6666666666666666,2.1687444444444446,19.518700000000003
head_and_shoulders_bottom_long,ma_exit_ema9,no_data,9,0.4444444444444444,1.3932555555555557,12.5393
head_and_shoulders_bottom_long,mfe_lockin_trail,no_data,9,0.4444444444444444,0.05592222222222219,0.5032999999999997
head_and_shoulders_bottom_long,multi_tier_partial,no_data,9,0.5555555555555556,0.02933333333333331,0.2639999999999998
head_and_shoulders_bottom_long,next_pivot_target,no_data,9,0.6666666666666666,-1.3323444444444443,-11.9911
head_and_shoulders_bottom_long,r_multiple_2r,no_data,9,0.3333333333333333,-0.09053333333333342,-0.8148000000000009
head_and_shoulders_bottom_long,r_multiple_3r,no_data,9,0.3333333333333333,1.1003333333333334,9.903
head_and_shoulders_bottom_long,regime_flip,no_data,9,0.3333333333333333,1.0920555555555556,9.8285
head_and_shoulders_bottom_long,reverse_signal,no_data,9,0.4444444444444444,0.05592222222222219,0.5032999999999997
head_and_shoulders_bottom_long,smc_mitigation_zone,no_data,9,0.4444444444444444,0.05592222222222219,0.5032999999999997
head_and_shoulders_bottom_long,time_stop_10d,no_data,9,0.6666666666666666,1.6606555555555556,14.9459
head_and_shoulders_bottom_long,time_stop_20d,no_data,9,0.3333333333333333,1.0920555555555556,9.8285
head_and_shoulders_bottom_long,trailing_10pct,no_data,9,0.4444444444444444,1.7081000000000002,15.372900000000001
head_and_shoulders_bottom_long,trailing_15pct,no_data,9,0.4444444444444444,0.9007666666666666,8.1069
head_and_shoulders_bottom_long,trailing_5pct,no_data,9,0.3333333333333333,2.0208666666666666,18.1878
hull_rsi,atr_trail_1x,no_data,5,0.2,-1.16376,-5.8187999999999995
hull_rsi,atr_trail_2x,no_data,5,0.4,-1.0021799999999998,-5.0108999999999995
hull_rsi,atr_trail_mae_conditional,no_data,5,0.2,-1.16376,-5.8187999999999995
hull_rsi,atr_trail_vix_conditional,no_data,5,0.2,-1.779,-8.895
hull_rsi,break_even_at_1r,no_data,5,0.2,-2.75724,-13.7862
hull_rsi,breakeven_plus_trail,no_data,5,0.4,-2.05406,-10.2703
hull_rsi,chandelier_3x,no_data,5,0.2,-1.70178,-8.5089
hull_rsi,class_time_stop,no_data,5,0.4,-2.2893,-11.4465
hull_rsi,earnings_blackout,no_data,5,0.4,-18.61826,-93.09129999999999
hull_rsi,fixed_4r_2r,no_data,5,0.4,-2.8277799999999997,-14.1389
hull_rsi,hybrid_50pct_target,no_data,5,0.6,-17.840359999999997,-89.20179999999999
hull_rsi,ma_exit_ema9,no_data,5,0.4,0.81288,4.0644
hull_rsi,mfe_lockin_trail,no_data,5,0.2,-1.16376,-5.8187999999999995
hull_rsi,multi_tier_partial,no_data,5,0.2,-1.23294,-6.1647
hull_rsi,next_pivot_target,no_data,5,0.6,-0.5086199999999999,-2.543099999999999
hull_rsi,r_multiple_2r,no_data,5,0.2,-2.75724,-13.7862
hull_rsi,r_multiple_3r,no_data,5,0.2,-2.75724,-13.7862
hull_rsi,regime_flip,no_data,5,0.2,-1.9094200000000001,-9.5471
hull_rsi,reverse_signal,no_data,5,0.2,-1.16376,-5.8187999999999995
hull_rsi,smc_mitigation_zone,no_data,5,0.2,-1.16376,-5.8187999999999995
hull_rsi,time_stop_10d,no_data,5,0.4,-0.6272,-3.136
hull_rsi,time_stop_20d,no_data,5,0.2,-1.9094200000000001,-9.5471
hull_rsi,trailing_10pct,no_data,5,0.6,-1.03594,-5.1797
hull_rsi,trailing_15pct,no_data,5,0.4,-2.79374,-13.9687
hull_rsi,trailing_5pct,no_data,5,0.2,-1.2416399999999999,-6.2082
macd_fast_crossover,atr_trail_1x,no_data,6,0.16666666666666666,-1.2518333333333334,-7.511
macd_fast_crossover,atr_trail_2x,no_data,6,0.3333333333333333,-1.46885,-8.8131
macd_fast_crossover,atr_trail_mae_conditional,no_data,6,0.16666666666666666,-1.2518333333333334,-7.511
macd_fast_crossover,atr_trail_vix_conditional,no_data,6,0.5,0.09053333333333331,0.5431999999999999
macd_fast_crossover,break_even_at_1r,no_data,6,0.0,-1.5807333333333335,-9.4844
macd_fast_crossover,breakeven_plus_trail,no_data,6,0.0,-2.2285333333333335,-13.3712
macd_fast_crossover,chandelier_3x,no_data,6,0.16666666666666666,-0.5829999999999999,-3.4979999999999993
macd_fast_crossover,class_time_stop,no_data,6,0.5,-4.95165,-29.7099
macd_fast_crossover,earnings_blackout,no_data,6,0.16666666666666666,-59.8604,-359.1624
macd_fast_crossover,fixed_4r_2r,no_data,6,0.16666666666666666,-3.4056833333333336,-20.4341
macd_fast_crossover,hybrid_50pct_target,no_data,6,0.6666666666666666,-37.47015,-224.8209
macd_fast_crossover,ma_exit_ema9,no_data,6,0.16666666666666666,-1.292,-7.752
macd_fast_crossover,mfe_lockin_trail,no_data,6,0.16666666666666666,-1.1551333333333333,-6.9308000000000005
macd_fast_crossover,multi_tier_partial,no_data,6,0.3333333333333333,-0.8221333333333334,-4.9328
macd_fast_crossover,next_pivot_target,no_data,6,0.5,-2.7930833333333336,-16.7585
macd_fast_crossover,r_multiple_2r,no_data,6,0.5,0.24806666666666666,1.4884
macd_fast_crossover,r_multiple_3r,no_data,6,0.16666666666666666,-1.4396333333333333,-8.6378
macd_fast_crossover,regime_flip,no_data,6,0.5,-4.0426166666666665,-24.2557
macd_fast_crossover,reverse_signal,no_data,6,0.16666666666666666,-1.2518333333333334,-7.511
macd_fast_crossover,smc_mitigation_zone,no_data,6,0.3333333333333333,-1.1714166666666668,-7.0285
macd_fast_crossover,time_stop_10d,no_data,6,0.5,-0.7586666666666667,-4.5520000000000005
macd_fast_crossover,time_stop_20d,no_data,6,0.5,-4.0426166666666665,-24.2557
macd_fast_crossover,trailing_10pct,no_data,6,0.0,-6.0639666666666665,-36.3838
macd_fast_crossover,trailing_15pct,no_data,6,0.0,-11.031483333333334,-66.1889
macd_fast_crossover,trailing_5pct,no_data,6,0.5,-1.2365666666666666,-7.4193999999999996
monthly_bias_momentum_long,atr_trail_1x,no_data,12,0.3333333333333333,-1.6622916666666667,-19.9475
monthly_bias_momentum_long,atr_trail_2x,no_data,12,0.3333333333333333,-1.8120416666666666,-21.7445
monthly_bias_momentum_long,atr_trail_mae_conditional,no_data,12,0.3333333333333333,-1.6622916666666667,-19.9475
monthly_bias_momentum_long,atr_trail_vix_conditional,no_data,12,0.25,-1.7277666666666667,-20.7332
monthly_bias_momentum_long,break_even_at_1r,no_data,12,0.16666666666666666,-2.02275,-24.273
monthly_bias_momentum_long,breakeven_plus_trail,no_data,12,0.16666666666666666,-2.5021583333333335,-30.0259
monthly_bias_momentum_long,chandelier_3x,no_data,12,0.3333333333333333,-1.2449083333333333,-14.9389
monthly_bias_momentum_long,class_time_stop,no_data,12,0.3333333333333333,-0.6592416666666665,-7.910899999999998
monthly_bias_momentum_long,earnings_blackout,no_data,12,0.5833333333333334,11.490433333333334,137.8852
monthly_bias_momentum_long,fixed_4r_2r,no_data,12,0.3333333333333333,1.0544750000000003,12.653700000000002
monthly_bias_momentum_long,hybrid_50pct_target,no_data,12,0.5833333333333334,0.4895083333333334,5.8741
monthly_bias_momentum_long,ma_exit_ema9,no_data,12,0.3333333333333333,-0.6968083333333333,-8.361699999999999
monthly_bias_momentum_long,mfe_lockin_trail,no_data,12,0.3333333333333333,-1.7051916666666667,-20.4623
monthly_bias_momentum_long,multi_tier_partial,no_data,12,0.3333333333333333,-1.3027166666666667,-15.632600000000002
monthly_bias_momentum_long,next_pivot_target,no_data,12,0.5833333333333334,-0.3104999999999998,-3.7259999999999973
monthly_bias_momentum_long,r_multiple_2r,no_data,12,0.3333333333333333,-0.5904583333333333,-7.0855
monthly_bias_momentum_long,r_multiple_3r,no_data,12,0.3333333333333333,0.7348999999999998,8.818799999999998
monthly_bias_momentum_long,regime_flip,no_data,12,0.5,-1.8427416666666667,-22.1129
monthly_bias_momentum_long,reverse_signal,no_data,12,0.3333333333333333,-1.6622916666666667,-19.9475
monthly_bias_momentum_long,smc_mitigation_zone,no_data,12,0.3333333333333333,-1.6858416666666667,-20.2301
monthly_bias_momentum_long,time_stop_10d,no_data,12,0.4166666666666667,-1.9911166666666669,-23.893400000000003
monthly_bias_momentum_long,time_stop_20d,no_data,12,0.5,-1.8427416666666667,-22.1129
monthly_bias_momentum_long,trailing_10pct,no_data,12,0.4166666666666667,-1.4540333333333333,-17.4484
monthly_bias_momentum_long,trailing_15pct,no_data,12,0.3333333333333333,-3.900141666666667,-46.801700000000004
monthly_bias_momentum_long,trailing_5pct,no_data,12,0.25,-2.7423750000000005,-32.908500000000004
poc_magnet_long,atr_trail_1x,no_data,5,0.4,0.9844799999999999,4.9224
poc_magnet_long,atr_trail_2x,no_data,5,1.0,2.8236800000000004,14.118400000000001
poc_magnet_long,atr_trail_mae_conditional,no_data,5,0.4,0.9844799999999999,4.9224
poc_magnet_long,atr_trail_vix_conditional,no_data,5,0.8,2.68966,13.4483
poc_magnet_long,break_even_at_1r,no_data,5,0.2,1.5146400000000002,7.573200000000001
poc_magnet_long,breakeven_plus_trail,no_data,5,0.6,6.908939999999999,34.5447
poc_magnet_long,chandelier_3x,no_data,5,0.6,0.14266,0.7133
poc_magnet_long,class_time_stop,no_data,5,1.0,4.25004,21.2502
poc_magnet_long,earnings_blackout,no_data,5,0.6,6.4059,32.0295
poc_magnet_long,fixed_4r_2r,no_data,5,0.6,3.61634,18.0817
poc_magnet_long,hybrid_50pct_target,no_data,5,1.0,4.269299999999999,21.3465
poc_magnet_long,ma_exit_ema9,no_data,5,0.4,-0.60274,-3.0137
poc_magnet_long,mfe_lockin_trail,no_data,5,0.4,0.80664,4.0332
poc_magnet_long,multi_tier_partial,no_data,5,0.4,0.43130000000000007,2.1565000000000003
poc_magnet_long,next_pivot_target,no_data,5,1.0,1.98342,9.9171
poc_magnet_long,r_multiple_2r,no_data,5,0.6,1.8082,9.041
poc_magnet_long,r_multiple_3r,no_data,5,0.6,3.17108,15.8554
poc_magnet_long,regime_flip,no_data,5,1.0,3.75776,18.788800000000002
poc_magnet_long,reverse_signal,no_data,5,0.4,0.9844799999999999,4.9224
poc_magnet_long,smc_mitigation_zone,no_data,5,0.2,-1.06736,-5.3368
poc_magnet_long,time_stop_10d,no_data,5,0.8,2.62532,13.1266
poc_magnet_long,time_stop_20d,no_data,5,1.0,3.75776,18.788800000000002
poc_magnet_long,trailing_10pct,no_data,5,0.4,0.8989400000000002,4.494700000000001
poc_magnet_long,trailing_15pct,no_data,5,0.6,6.4059,32.0295
poc_magnet_long,trailing_5pct,no_data,5,0.6,4.6235800000000005,23.117900000000002
stochrsi_oversold,atr_trail_1x,no_data,12,0.16666666666666666,-0.97995,-11.7594
stochrsi_oversold,atr_trail_2x,no_data,12,0.5,1.0939416666666666,13.1273
stochrsi_oversold,atr_trail_mae_conditional,no_data,12,0.16666666666666666,-0.97995,-11.7594
stochrsi_oversold,atr_trail_vix_conditional,no_data,12,0.3333333333333333,0.7223916666666667,8.6687
stochrsi_oversold,break_even_at_1r,no_data,12,0.25,2.5143166666666668,30.1718
stochrsi_oversold,breakeven_plus_trail,no_data,12,0.4166666666666667,3.9971916666666663,47.9663
stochrsi_oversold,chandelier_3x,no_data,12,0.0,-0.8802916666666666,-10.5635
stochrsi_oversold,class_time_stop,no_data,12,0.6666666666666666,-2.1940500000000003,-26.3286
stochrsi_oversold,earnings_blackout,no_data,12,0.75,-13.695916666666667,-164.351
stochrsi_oversold,fixed_4r_2r,no_data,12,0.5,1.0223916666666668,12.2687
stochrsi_oversold,hybrid_50pct_target,no_data,12,1.0,7.599725,91.1967
stochrsi_oversold,ma_exit_ema9,no_data,12,0.5833333333333334,0.9749333333333333,11.6992
stochrsi_oversold,mfe_lockin_trail,no_data,12,0.16666666666666666,-0.8320166666666666,-9.9842
stochrsi_oversold,multi_tier_partial,no_data,12,0.4166666666666667,-0.7853333333333333,-9.424
stochrsi_oversold,next_pivot_target,no_data,12,0.75,0.2499916666666666,2.9998999999999993
stochrsi_oversold,r_multiple_2r,no_data,12,0.4166666666666667,-0.142325,-1.7079
stochrsi_oversold,r_multiple_3r,no_data,12,0.4166666666666667,0.7151083333333331,8.581299999999997
stochrsi_oversold,regime_flip,no_data,12,0.5833333333333334,-0.7790416666666665,-9.348499999999998
stochrsi_oversold,reverse_signal,no_data,12,0.16666666666666666,-0.97995,-11.7594
stochrsi_oversold,smc_mitigation_zone,no_data,12,0.3333333333333333,-0.12236666666666667,-1.4684
stochrsi_oversold,time_stop_10d,no_data,12,0.6666666666666666,0.5329416666666668,6.395300000000001
stochrsi_oversold,time_stop_20d,no_data,12,0.5833333333333334,-0.7790416666666665,-9.348499999999998
stochrsi_oversold,trailing_10pct,no_data,12,0.5,2.1689416666666665,26.0273
stochrsi_oversold,trailing_15pct,no_data,12,0.5833333333333334,3.004733333333333,36.056799999999996
stochrsi_oversold,trailing_5pct,no_data,12,0.5,-0.08843333333333332,-1.0612
totm_long,atr_trail_1x,no_data,27,0.2962962962962963,0.3500888888888889,9.4524
totm_long,atr_trail_2x,no_data,27,0.48148148148148145,5.309896296296296,143.3672
totm_long,atr_trail_mae_conditional,no_data,27,0.2962962962962963,0.3500888888888889,9.4524
totm_long,atr_trail_vix_conditional,no_data,27,0.2962962962962963,-0.2515037037037037,-6.790599999999999
totm_long,break_even_at_1r,no_data,27,0.18518518518518517,4.775296296296296,128.933
totm_long,breakeven_plus_trail,no_data,27,0.4444444444444444,12.404248148148147,334.9147
totm_long,chandelier_3x,no_data,27,0.3333333333333333,6.863118518518519,185.3042
totm_long,class_time_stop,no_data,27,0.6666666666666666,5.855,158.085
totm_long,earnings_blackout,no_data,27,0.7037037037037037,68.09159629629629,1838.4731
totm_long,fixed_4r_2r,no_data,27,0.5185185185185185,3.8014222222222225,102.6384
totm_long,hybrid_50pct_target,no_data,27,0.6666666666666666,6.747325925925925,182.1778
totm_long,ma_exit_ema9,no_data,27,0.4074074074074074,1.4070740740740741,37.991
totm_long,mfe_lockin_trail,no_data,27,0.2962962962962963,0.19584814814814813,5.2879
totm_long,multi_tier_partial,no_data,27,0.48148148148148145,0.21088888888888896,5.694000000000002
totm_long,next_pivot_target,no_data,27,0.7407407407407407,0.500737037037037,13.5199
totm_long,r_multiple_2r,no_data,27,0.37037037037037035,0.04315185185185189,1.1651000000000011
totm_long,r_multiple_3r,no_data,27,0.3333333333333333,0.8505481481481482,22.9648
totm_long,regime_flip,no_data,27,0.6296296296296297,4.273825925925926,115.3933
totm_long,reverse_signal,no_data,27,0.2962962962962963,0.3500888888888889,9.4524
totm_long,smc_mitigation_zone,no_data,27,0.2962962962962963,0.06018888888888886,1.6250999999999993
totm_long,time_stop_10d,no_data,27,0.7037037037037037,2.069240740740741,55.8695
totm_long,time_stop_20d,no_data,27,0.6296296296296297,4.273825925925926,115.3933
totm_long,trailing_10pct,no_data,27,0.5555555555555556,10.548555555555554,284.811
totm_long,trailing_15pct,no_data,27,0.5555555555555556,21.08418888888889,569.2731
totm_long,trailing_5pct,no_data,27,0.3333333333333333,1.7370148148148146,46.89939999999999
ultimate_oscillator,atr_trail_1x,no_data,14,0.14285714285714285,-1.05165,-14.7231
ultimate_oscillator,atr_trail_2x,no_data,14,0.14285714285714285,-1.8762071428571427,-26.2669
ultimate_oscillator,atr_trail_mae_conditional,no_data,14,0.14285714285714285,-1.05165,-14.7231
ultimate_oscillator,atr_trail_vix_conditional,no_data,14,0.21428571428571427,-0.9085785714285715,-12.7201
ultimate_oscillator,break_even_at_1r,no_data,14,0.07142857142857142,-1.090892857142857,-15.2725
ultimate_oscillator,breakeven_plus_trail,no_data,14,0.21428571428571427,0.6507714285714288,9.110800000000003
ultimate_oscillator,chandelier_3x,no_data,14,0.0,-0.47794285714285717,-6.6912
ultimate_oscillator,class_time_stop,no_data,14,0.35714285714285715,-1.0936357142857145,-15.310900000000002
ultimate_oscillator,earnings_blackout,no_data,14,0.2857142857142857,10.231471428571426,143.24059999999997
ultimate_oscillator,fixed_4r_2r,no_data,14,0.21428571428571427,0.001457142857143002,0.020400000000002028
ultimate_oscillator,hybrid_50pct_target,no_data,14,0.5714285714285714,0.6448857142857143,9.0284
ultimate_oscillator,ma_exit_ema9,no_data,14,0.42857142857142855,-0.07374999999999998,-1.0324999999999998
ultimate_oscillator,mfe_lockin_trail,no_data,14,0.14285714285714285,-0.9843142857142857,-13.7804
ultimate_oscillator,multi_tier_partial,no_data,14,0.35714285714285715,-0.4897571428571429,-6.8566
ultimate_oscillator,next_pivot_target,no_data,14,0.8571428571428571,1.3881714285714286,19.4344
ultimate_oscillator,r_multiple_2r,no_data,14,0.2857142857142857,-0.2651714285714286,-3.7124000000000006
ultimate_oscillator,r_multiple_3r,no_data,14,0.21428571428571427,-0.3615642857142857,-5.0619000000000005
ultimate_oscillator,regime_flip,no_data,14,0.2857142857142857,-1.1428571428571428,-16.0
ultimate_oscillator,reverse_signal,no_data,14,0.14285714285714285,-1.05165,-14.7231
ultimate_oscillator,smc_mitigation_zone,no_data,14,0.35714285714285715,-0.2375857142857143,-3.3262
ultimate_oscillator,time_stop_10d,no_data,14,0.5714285714285714,0.5372285714285714,7.521199999999999
ultimate_oscillator,time_stop_20d,no_data,14,0.2857142857142857,-1.1428571428571428,-16.0
ultimate_oscillator,trailing_10pct,no_data,14,0.21428571428571427,-1.7306857142857142,-24.229599999999998
ultimate_oscillator,trailing_15pct,no_data,14,0.2857142857142857,-0.3790785714285714,-5.307099999999999
ultimate_oscillator,trailing_5pct,no_data,14,0.14285714285714285,-1.4169857142857143,-19.8378
williams_r_oversold,atr_trail_1x,no_data,18,0.5555555555555556,1.4455222222222224,26.0194
williams_r_oversold,atr_trail_2x,no_data,18,0.6111111111111112,6.063811111111111,109.1486
williams_r_oversold,atr_trail_mae_conditional,no_data,18,0.5555555555555556,1.4455222222222224,26.0194
williams_r_oversold,atr_trail_vix_conditional,no_data,18,0.6111111111111112,2.633961111111111,47.411300000000004
williams_r_oversold,break_even_at_1r,no_data,18,0.2222222222222222,2.246522222222222,40.4374
williams_r_oversold,breakeven_plus_trail,no_data,18,0.4444444444444444,13.737505555555556,247.2751
williams_r_oversold,chandelier_3x,no_data,18,0.1111111111111111,-0.09967777777777778,-1.7942
williams_r_oversold,class_time_stop,no_data,18,0.6666666666666666,7.967822222222223,143.4208
williams_r_oversold,earnings_blackout,no_data,18,0.7222222222222222,24.09871111111111,433.7768
williams_r_oversold,fixed_4r_2r,no_data,18,0.6111111111111112,6.555905555555556,118.00630000000001
williams_r_oversold,hybrid_50pct_target,no_data,18,0.8888888888888888,6.625111111111111,119.252
williams_r_oversold,ma_exit_ema9,no_data,18,0.6666666666666666,0.38952777777777775,7.0115
williams_r_oversold,mfe_lockin_trail,no_data,18,0.5555555555555556,1.5910944444444444,28.639699999999998
williams_r_oversold,multi_tier_partial,no_data,18,0.6111111111111112,1.360088888888889,24.4816
williams_r_oversold,next_pivot_target,no_data,18,0.9444444444444444,2.4545666666666666,44.182199999999995
williams_r_oversold,r_multiple_2r,no_data,18,0.6666666666666666,3.1526111111111113,56.747
williams_r_oversold,r_multiple_3r,no_data,18,0.6111111111111112,4.548772222222222,81.8779
williams_r_oversold,regime_flip,no_data,18,0.6666666666666666,5.583283333333333,100.4991
williams_r_oversold,reverse_signal,no_data,18,0.5555555555555556,1.4455222222222224,26.0194
williams_r_oversold,smc_mitigation_zone,no_data,18,0.5555555555555556,0.14730555555555558,2.6515000000000004
williams_r_oversold,time_stop_10d,no_data,18,0.8888888888888888,4.80255,86.44590000000001
williams_r_oversold,time_stop_20d,no_data,18,0.6666666666666666,5.583283333333333,100.4991
williams_r_oversold,trailing_10pct,no_data,18,0.6666666666666666,6.280583333333333,113.0505
williams_r_oversold,trailing_15pct,no_data,18,0.6666666666666666,14.115038888888888,254.0707
williams_r_oversold,trailing_5pct,no_data,18,0.5555555555555556,4.296394444444444,77.3351
